geoid,geographic_area_name,total_population,total_population_age_under_5_years,total_population_age_5_to_9_years,total_population_age_10_to_14_years,total_population_age_15_to_19_years,total_population_age_20_to_24_years,total_population_age_25_to_29_years,total_population_age_30_to_34_years,total_population_age_35_to_39_years,total_population_age_40_to_44_years,total_population_age_45_to_49_years,total_population_age_50_to_54_years,total_population_age_55_to_59_years,total_population_age_60_to_64_years,total_population_age_65_to_69_years,total_population_age_70_to_74_years,total_population_age_75_to_79_years,total_population_age_80_to_84_years,total_population_age_85_years_and_over,total_population_summary_indicators_median_age_years,total_population_summary_indicators_sex_ratio_males_per_100_females,median_household_income,less_than_10000,10000_to_14999,15000_to_19999,20000_to_24999,25000_to_29999,30000_to_34999,35000_to_39999,40000_to_44999,45000_to_49999,50000_to_59999,60000_to_74999,75000_to_99999,100000_to_124999,125000_to_149999,150000_to_199999,200000_or_more,income_in_the_past_12_months_below_poverty_level,no_schooling_completed,9th_grade,regular_high_school_diploma,ged_or_alternative_credential,some_college_less_than_1_year,some_college_1_or_more_years_no_degree,associates_degree,bachelors_degree,masters_degree,professional_school_degree,doctorate_degree,commute_total,car_truck_or_van,public_transport,bus,subway_or_elevated_rail,train_or_commuter_rail,walked,bicycle,motorcycle,other_means,family_households,family_households_other_family,nonfamily_households,hispanic_or_latino,not_hispanic_or_latino,white,black_or_african_american,asian,ZIP,avg_ped,total_vol_7am_8pm,avg_count_7am_8pm,parking_count,target_count,trader_joes_count,whole_foods_count,wegmans_count,aldi_count,station_count
10001,ZCTA5 10001,29079,1173,889,907,1302,2084,3993,4172,2697,1975,1741,1604,1625,1361,1150,1083,600,258,465,35.0,93.7,123393,713,687,434,244,431,203,341,418,225,554,958,1246,1135,592,1702,5214,4293,278,285,1256,707,639,1523,727,9424,5018,1264,542,17539,903,6673,636,5813,224,4803,486,0,296,4715,1424,10382,5547,23532,14221,2923,5228,10001,11740.833333333332,,,484.0,1.0,0.0,0.0,0.0,0.0,7.0
10002,ZCTA5 10002,75517,2259,3268,3051,2724,4797,7173,5944,5349,5147,4267,4511,5651,4108,4945,5034,2646,2124,2519,42.9,101.9,46525,3412,3888,2481,1738,1948,1282,1511,1359,1063,1525,1983,3085,2638,1610,2020,4228,18611,3406,3987,7755,2776,1732,4416,2359,15771,5620,1144,611,32990,2660,15149,2806,12141,109,7646,1564,15,373,16924,7076,18847,18646,56871,19896,6595,27597,10002,2410.583333333333,,,334.0,0.0,1.0,1.0,0.0,0.0,5.0
10003,ZCTA5 10003,53825,1399,999,926,7281,6676,7119,5838,3112,3115,2052,2525,2087,2413,2831,2081,1583,812,976,31.7,96.3,153750,1893,833,328,496,328,259,419,447,278,923,1309,1799,1532,1506,2925,9805,5614,446,60,1502,253,698,1557,925,16346,7964,3773,1956,31771,1323,11749,827,10391,520,8263,1072,20,263,6847,951,18233,5285,48540,34480,2359,9630,10003,3645.0,,,357.0,1.0,1.0,1.0,1.0,0.0,7.0
10004,ZCTA5 10004,3875,364,284,73,91,53,570,708,529,239,298,90,267,132,114,4,22,7,30,32.9,120.5,220592,40,0,0,6,0,5,6,0,0,76,6,176,98,153,237,972,157,0,0,39,11,62,130,5,1283,839,454,160,2537,159,1030,5,982,0,679,39,0,5,799,38,976,189,3686,2388,267,923,10004,2897.6666666666665,,,71.0,,,,,,3.0
10005,ZCTA5 10005,9238,356,168,319,56,1014,2272,1304,1103,632,475,699,348,131,157,204,0,0,0,31.5,100.8,211810,20,80,0,9,0,129,101,14,148,53,163,405,201,452,716,2665,424,9,0,299,131,193,282,61,3703,1377,958,134,7510,309,3616,0,3364,135,1749,134,0,0,1432,111,3724,935,8303,6123,405,1311,10005,5757.333333333333,,,78.0,0.0,0.0,1.0,0.0,0.0,2.0
10006,ZCTA5 10006,4475,123,119,54,556,158,900,841,444,565,264,157,55,96,54,89,0,0,0,31.5,78.9,209972,68,0,0,49,24,40,20,112,44,109,61,125,83,154,205,1211,580,0,0,163,0,57,229,75,1499,741,547,154,3040,125,1606,126,1281,122,556,21,0,48,792,160,1513,125,4350,2807,271,1058,10006,3961.1666666666665,,,39.0,,,,,,4.0
10007,ZCTA5 10007,7802,573,563,251,163,634,867,1023,803,645,948,377,139,211,324,173,1,60,47,33.8,90.1,"250,000+",158,47,0,0,12,42,21,0,16,19,60,104,64,81,473,2212,232,13,22,196,127,127,128,54,2936,1362,508,46,4897,291,2164,2,2142,0,1156,33,0,64,1690,174,1619,1016,6786,4719,684,1164,10007,3287.0,,,108.0,0.0,0.0,1.0,0.0,0.0,8.0
10009,ZCTA5 10009,58341,1828,1786,1416,1470,4208,7297,8404,4239,3340,2871,3055,4836,3991,2417,2780,1330,1901,1172,38.2,100.4,87963,3150,1850,1107,1029,588,521,443,678,509,1417,2118,2867,2266,2099,3320,6063,11359,1580,1014,4114,1141,1282,3366,1854,18161,9037,1043,1592,30672,1593,13979,2433,11075,285,5093,1754,143,783,10493,4283,19532,14245,44096,29544,4437,7415,10009,,,,143.0,0.0,1.0,0.0,0.0,0.0,1.0
10010,ZCTA5 10010,31905,1022,1468,1155,1924,2566,3714,3435,2528,1982,1965,1664,1375,1687,1365,1491,915,897,752,36.0,87.3,156127,799,459,480,207,219,468,233,83,141,487,595,1009,1674,725,1797,6816,2696,207,163,1360,152,338,1383,613,10844,4862,2757,676,18227,854,6310,986,5116,193,4757,296,0,135,6113,1385,10079,2701,29204,20040,2839,4517,10010,,,,176.0,,,,,,3.0
10011,ZCTA5 10011,49344,1163,1180,1109,2276,2590,5870,5806,3006,2966,3040,2930,4411,3592,2451,2600,2148,1502,704,43.0,101.2,146571,1280,784,499,592,336,350,877,501,443,1272,1252,1843,2172,2181,3325,10570,4295,443,278,2451,342,643,2314,952,16396,10511,3710,1874,30533,1654,12529,441,11854,203,6124,1023,0,489,8360,1489,19917,6398,42946,33431,1859,5091,10011,,,,333.0,0.0,1.0,1.0,0.0,0.0,8.0
10012,ZCTA5 10012,21846,713,309,671,410,2513,3288,2826,1713,1258,1750,1558,938,769,922,1129,542,319,218,35.5,91.5,130938,877,184,242,228,209,208,187,103,237,349,801,937,1302,940,1121,3984,2299,273,140,596,247,260,767,318,8539,3173,1270,1363,14136,879,4862,183,4553,109,3535,596,181,159,3593,751,8316,2300,19546,14392,646,3780,10012,,,,147.0,1.0,0.0,0.0,0.0,0.0,5.0
10013,ZCTA5 10013,28215,1164,968,1241,1024,2003,2957,1988,2539,2689,1422,2646,1622,999,1359,1177,1101,678,638,40.3,90.2,159474,513,626,183,508,103,210,113,99,162,645,410,941,976,587,1287,5246,2609,410,496,1777,150,440,1012,333,9773,3520,2003,421,15202,1083,5940,241,5538,124,3058,431,0,157,6489,1193,6120,2189,26026,14970,915,8621,10013,,,,286.0,0.0,1.0,0.0,0.0,0.0,7.0
10014,ZCTA5 10014,29772,679,632,644,496,1594,4824,3901,2427,1833,2331,1707,1875,1478,1946,1313,1267,370,455,39.4,96.4,167254,770,310,179,364,210,178,255,342,265,739,565,1734,1322,962,1730,7757,1896,105,38,1150,78,604,1463,308,12875,6176,1812,976,19679,905,7707,311,6994,320,3654,986,0,152,5181,704,12501,3223,26549,23303,907,1503,10014,4787.333333333333,,,149.0,,,,,,4.0
10016,ZCTA5 10016,54297,1596,1244,1458,1035,5810,10428,7284,3854,3315,3857,2457,2096,2075,2280,2230,1093,817,1368,33.7,95.3,153065,1795,617,292,904,659,293,178,448,501,1171,1208,2220,2655,1935,2941,12347,5180,245,132,1980,724,843,2333,761,17897,10700,4903,1738,36491,2118,9572,1414,7484,375,12899,964,24,247,8528,1602,21636,6161,48136,31995,2339,10788,10016,,,,308.0,1.0,1.0,0.0,0.0,0.0,2.0
10017,ZCTA5 10017,14985,198,226,154,74,1067,2224,2037,1179,1264,789,778,609,794,1011,917,940,404,320,41.4,85.7,132518,403,429,177,62,465,247,244,204,91,340,607,748,629,546,1242,3095,1522,61,109,519,5,114,775,77,5439,3426,1235,1214,10164,703,2644,187,2396,61,3614,8,0,57,2667,430,6862,637,14348,9845,491,2736,10017,7980.5,,,257.0,,,,,,3.0
10018,ZCTA5 10018,8764,179,200,86,399,442,1771,1682,903,493,419,354,370,608,326,197,153,68,114,33.5,99.3,133042,362,144,90,73,176,0,105,51,70,288,108,486,444,303,366,1835,1434,152,83,395,175,177,284,230,3107,1774,454,271,5677,341,1740,50,1553,67,1816,170,0,24,1467,282,3434,1290,7474,3682,870,2272,10018,,,,333.0,,,,,,2.0
10019,ZCTA5 10019,44276,1383,753,369,371,1721,6101,6617,4436,2972,2157,2738,2896,2536,2847,3047,1462,999,871,40.6,120.2,121835,1768,1052,482,1504,408,551,341,530,745,894,1228,2224,1929,1216,3188,8840,4682,200,2,2655,556,593,2290,1872,16804,9568,3305,1089,27964,1588,10765,1296,9183,249,7773,534,0,527,7667,1968,19233,7360,36916,24534,2157,8084,10019,6363.233333333334,,,511.0,0.0,0.0,1.0,0.0,0.0,7.0
10020,ZCTA5 10020,0,0,0,0,0,0,0,0,0,0,0,0,0,0,0,0,0,0,0,-,-,-,0,0,0,0,0,0,0,0,0,0,0,0,0,0,0,0,0,0,0,0,0,0,0,0,0,0,0,0,0,0,0,0,0,0,0,0,0,0,0,0,0,0,0,0,0,0,10020,,,,,,,,,,
10021,ZCTA5 10021,39479,1714,1231,2055,1472,1415,3768,4417,2500,2219,2524,2594,1724,2176,1895,1965,1916,2168,1726,41.8,77.5,156712,879,204,252,294,455,310,200,220,598,821,1087,1898,1522,1079,2101,8399,1941,117,41,1745,50,1011,1843,809,12393,6616,4638,1822,22726,1922,8608,1621,6812,175,4823,133,0,183,9515,830,10804,2633,36846,31455,232,3871,10021,1763.1666666666667,,,195.0,,,,,,2.0
10022,ZCTA5 10022,34340,1584,967,964,763,967,2950,3711,2875,1915,1215,2306,1746,2519,1869,2240,2108,1647,1994,47.1,85.8,171038,814,247,370,623,82,227,566,80,204,263,801,1793,1142,996,2239,8180,2265,144,63,1707,103,632,1347,435,10937,8409,3409,1568,19680,1553,4911,944,3745,222,6572,230,0,306,7884,890,10743,2769,31571,25146,640,4026,10022,6055.75,,,382.0,0.0,1.0,0.0,0.0,0.0,4.0
10023,ZCTA5 10023,67468,3174,2732,2836,2922,2159,4632,5490,5573,5391,4156,4283,5423,4337,4499,3156,2912,1917,1876,43.8,84.9,157866,1769,1118,870,499,590,639,672,630,234,1565,2371,2941,2177,2011,3824,14971,5658,227,242,2324,750,386,2657,1166,20448,14115,7766,2889,37643,2123,15216,849,13948,400,5719,1440,114,437,14476,2740,22405,6656,60812,44126,2773,10924,10023,3031.75,,,191.0,1.0,1.0,0.0,0.0,0.0,2.0
10024,ZCTA5 10024,62576,3930,2527,2882,1514,1663,3562,6862,5210,3263,4570,4540,4063,4367,3337,3794,2622,1514,2356,44.8,88.6,182614,1112,655,324,412,364,592,430,348,227,642,1547,1854,2375,1950,3185,13430,4788,397,70,1962,389,835,2152,971,17492,14919,6991,2754,34216,3275,15209,1575,13525,109,2709,972,78,834,14502,2107,14945,5600,56976,49705,1868,2973,10024,,,,190.0,,,,,,2.0
10025,ZCTA5 10025,93223,3738,3433,3039,4567,7462,10397,7135,6220,5263,4387,5795,5341,5788,4886,5745,4451,2737,2839,40.4,87.8,109195,3422,1689,1310,1019,996,1014,700,532,789,1786,1571,4062,3820,2520,3271,12528,13351,843,553,5389,1537,1865,5673,2090,20536,17867,6438,3988,46879,2462,23558,2330,20998,230,6411,1426,0,274,19284,6121,21745,20965,72258,49932,8894,9381,10025,,,,265.0,1.0,1.0,1.0,0.0,0.0,4.0
10026,ZCTA5 10026,37113,1994,1803,1982,1634,2359,3693,3408,3297,3232,2574,3097,1903,2212,1530,927,767,355,346,37.6,90.2,74140,935,1023,757,589,701,401,494,482,474,781,1212,1538,1339,667,1409,2735,6551,470,247,4227,1018,682,2895,1068,7474,5035,1042,1082,18845,2149,10362,1172,9145,32,1761,302,0,225,7321,3473,8216,6624,30489,9260,16884,2324,10026,,,,98.0,,,,,,4.0
10027,ZCTA5 10027,65068,3513,3052,3566,5570,6795,7111,5470,4013,4840,3679,3721,3540,2928,2377,1831,1455,728,879,32.5,94.1,64220,2913,1651,1182,1247,755,563,355,872,639,1448,1739,2389,1545,1191,2033,3987,13545,893,635,6389,1447,1104,4275,1606,10626,7645,1438,2353,30344,1909,14555,1865,12428,262,5802,790,0,287,10994,5377,13515,15470,49598,17622,21729,6647,10027,5343.5,,,198.0,0.0,1.0,0.0,0.0,0.0,4.0
10028,ZCTA5 10028,45679,1740,2022,1773,1239,1382,4106,4676,4180,2948,2224,2584,2797,3391,2592,3131,1868,1192,1834,42.8,81.0,168125,881,449,323,435,437,365,96,234,473,692,1342,2289,1779,1764,2289,11053,2299,187,54,1455,334,572,2377,953,12638,10775,5583,2239,27032,1864,10703,1505,8911,201,5036,343,0,275,10580,1099,14321,2780,42899,37365,722,3177,10028,,,,166.0,1.0,0.0,0.0,0.0,0.0,2.0
10029,ZCTA5 10029,74848,4222,3342,4234,3955,4983,6554,6566,6382,4244,4464,4359,4653,4268,4348,2719,2613,1295,1647,37.8,77.2,38308,4662,4334,2080,1796,1895,914,1314,1032,1039,1982,2636,2466,1480,827,1605,3036,22134,2040,1261,10098,2669,1782,6059,2474,10912,5574,1499,1308,29884,2301,17777,3518,14039,152,4351,690,45,287,16049,10126,17049,31403,43445,10493,20782,8883,10029,,,,246.0,,,,,,2.0
10030,ZCTA5 10030,30781,1923,1093,1833,1527,2171,2645,2721,2715,1949,2076,1825,2198,2016,1456,1005,440,694,494,37.3,89.2,42738,1610,1464,831,654,611,417,850,334,343,927,818,1535,534,482,594,1176,10015,1107,272,3479,1489,713,2553,1244,4282,2728,502,258,13602,1015,8804,1948,6724,132,1228,218,10,85,5756,3675,7424,8372,22409,2902,16745,1521,10030,,,,87.0,,,,,,2.0
10031,ZCTA5 10031,60305,2660,3053,1884,2310,3057,6825,7481,6070,4269,3630,3239,3282,4402,3254,1690,1136,1283,780,37.1,97.7,65067,1880,1448,1032,880,909,733,567,838,731,1453,1615,2517,1581,1312,2065,2430,13718,1411,1111,7183,1209,1900,5731,1832,11576,5727,1017,1014,31397,2273,18912,3381,15295,236,2006,703,36,237,10922,5480,11069,29473,30832,10609,14907,2606,10031,,,,189.0,,,,,,4.0
10032,ZCTA5 10032,55579,1726,2049,2074,2439,4644,6391,4812,4437,3791,3795,3206,2911,3090,3357,2323,1441,1503,1590,38.4,91.8,56588,1679,2097,902,808,774,826,825,749,606,1819,1954,2514,1624,1304,1427,1451,10884,2392,629,6099,1294,1565,4541,1899,10220,4297,1336,1111,25024,1844,14848,2014,12491,300,3763,359,0,465,10009,5720,11350,34688,20891,9200,6710,2781,10032,,,,146.0,,,,,,5.0
10033,ZCTA5 10033,53611,2742,2152,2625,2227,4167,5357,4671,4998,3789,3710,3287,2791,3561,2463,2272,1333,674,792,37.7,101.3,75585,1825,917,645,985,750,525,425,534,429,1117,1605,2000,2272,1438,1486,2794,8953,1660,860,4774,1311,1327,4211,2703,8729,5567,1047,1039,26678,2952,15442,2276,12840,326,2905,372,12,338,10899,5218,8848,33822,19789,14460,2329,1722,10033,3233.5,,,202.0,1.0,0.0,0.0,0.0,0.0,3.0
10034,ZCTA5 10034,39037,2134,1829,2339,1347,2059,3310,4016,3635,2405,2229,3109,2873,2017,1621,1597,1021,757,739,38.1,90.5,69786,934,1087,699,636,304,612,529,541,443,988,1470,1715,1498,990,1537,1479,5687,923,615,4542,977,1292,3691,1536,6276,3596,713,916,20011,3082,11730,1644,9933,153,1276,199,0,420,8172,3837,7290,26191,12846,7343,2750,1171,10034,,,,140.0,,,,,,3.0
10035,ZCTA5 10035,39082,2124,2157,2394,1949,2676,3529,3498,3288,2673,2131,2711,2326,2284,1694,1262,694,764,928,36.9,102.5,40556,2412,2023,824,848,543,494,340,449,535,892,959,1106,1019,740,968,904,14181,1443,799,5518,1951,1024,2634,1476,5116,2308,716,383,15143,1575,9685,1385,8116,184,1078,359,0,156,6856,4122,8200,16341,22741,5492,13769,2196,10035,,,,175.0,0.0,0.0,0.0,0.0,1.0,2.0
10036,ZCTA5 10036,30589,551,649,585,541,2485,3775,4198,2624,2377,2566,1927,1813,1596,1544,1330,904,526,598,39.7,130.9,100225,904,677,539,1241,469,424,506,373,506,1265,1069,1461,1775,1430,2016,4231,4155,195,161,1797,686,694,1754,1263,10594,5462,1394,416,20154,451,7840,1537,5882,373,5543,894,0,363,4922,1528,13964,5706,24883,15644,2286,4670,10036,7679.833333333333,,,573.0,1.0,0.0,1.0,0.0,0.0,5.0
10037,ZCTA5 10037,18333,592,949,949,551,917,1185,2048,1489,1274,1030,1453,1279,994,1176,713,645,323,766,41.6,73.8,51250,1661,713,536,522,369,331,122,509,300,358,993,1072,562,502,805,850,5049,302,302,2664,772,469,1475,781,3697,1997,305,208,8205,1114,4482,628,3735,119,502,117,18,59,3675,2076,6530,3801,14532,1992,11040,771,10037,,,,34.0,,,,,,
10038,ZCTA5 10038,23342,711,536,1500,1773,2017,3025,2369,1693,1698,945,897,1166,1126,974,505,648,629,1130,34.1,79.0,115121,965,645,228,414,203,148,213,128,204,509,292,935,742,894,1000,3174,3939,599,211,1363,295,365,855,684,6413,2951,695,289,12437,732,5152,316,4635,176,3306,137,0,108,4247,1360,6447,2748,20594,9849,2301,6849,10038,3636.333333333333,,,123.0,,,,,,4.0
10039,ZCTA5 10039,30512,1918,1359,1956,1908,1427,2883,2150,2250,1997,2936,2163,2165,1877,1066,1148,522,523,264,38.6,88.5,48792,1279,818,641,631,301,672,795,890,215,585,1383,1050,1169,602,878,518,8592,1342,147,4673,1155,1054,3322,1708,3846,1752,277,87,11871,1001,8638,1633,6945,60,686,177,0,116,6947,4818,5480,9987,20525,2126,16308,446,10039,,,,43.0,,,,,,2.0
10040,ZCTA5 10040,41581,1782,1859,1839,1707,2214,3454,3302,3468,3084,3320,2431,2734,2479,2978,1726,1337,1145,722,41.5,91.2,64022,1319,947,610,628,642,697,618,558,558,818,1592,1900,1672,1138,1001,1562,6741,1108,929,5414,1294,1195,3172,1433,6778,4148,701,691,19847,1857,11800,1523,10017,260,2103,354,0,207,8748,4464,7512,28612,12969,9348,1447,704,10040,,,,131.0,,,,,,4.0
10044,ZCTA5 10044,11998,967,530,550,377,455,1030,1058,1224,1182,737,533,473,689,687,583,407,158,358,39.4,86.4,106146,330,160,127,84,59,92,126,20,136,307,442,574,258,527,450,1454,1293,83,21,718,302,120,555,298,2540,2306,753,964,5567,329,3435,159,3091,28,171,27,0,272,2735,478,2411,1230,10768,4953,1726,3530,10044,425.1666666666667,,,10.0,,,,,,1.0
10069,ZCTA5 10069,6669,738,255,577,81,60,428,400,937,771,421,631,681,161,138,78,146,98,68,39.3,126.7,226151,509,30,18,62,28,44,0,23,0,77,36,250,141,52,87,1845,1771,0,0,174,198,18,14,40,1823,1777,549,365,3202,290,1205,212,993,0,666,146,1,0,1623,374,1579,556,6113,2945,105,1947,10069,,,,27.0,,,,,,
10103,ZCTA5 10103,0,0,0,0,0,0,0,0,0,0,0,0,0,0,0,0,0,0,0,-,-,-,0,0,0,0,0,0,0,0,0,0,0,0,0,0,0,0,0,0,0,0,0,0,0,0,0,0,0,0,0,0,0,0,0,0,0,0,0,0,0,0,0,0,0,0,0,0,10103,,,,,,,,,,
10110,ZCTA5 10110,0,0,0,0,0,0,0,0,0,0,0,0,0,0,0,0,0,0,0,-,-,-,0,0,0,0,0,0,0,0,0,0,0,0,0,0,0,0,0,0,0,0,0,0,0,0,0,0,0,0,0,0,0,0,0,0,0,0,0,0,0,0,0,0,0,0,0,0,10110,,,,,,,,,,
10111,ZCTA5 10111,0,0,0,0,0,0,0,0,0,0,0,0,0,0,0,0,0,0,0,-,-,-,0,0,0,0,0,0,0,0,0,0,0,0,0,0,0,0,0,0,0,0,0,0,0,0,0,0,0,0,0,0,0,0,0,0,0,0,0,0,0,0,0,0,0,0,0,0,10111,,,,,,,,,,
10112,ZCTA5 10112,0,0,0,0,0,0,0,0,0,0,0,0,0,0,0,0,0,0,0,-,-,-,0,0,0,0,0,0,0,0,0,0,0,0,0,0,0,0,0,0,0,0,0,0,0,0,0,0,0,0,0,0,0,0,0,0,0,0,0,0,0,0,0,0,0,0,0,0,10112,,,,,,,,,,
10115,ZCTA5 10115,0,0,0,0,0,0,0,0,0,0,0,0,0,0,0,0,0,0,0,-,-,-,0,0,0,0,0,0,0,0,0,0,0,0,0,0,0,0,0,0,0,0,0,0,0,0,0,0,0,0,0,0,0,0,0,0,0,0,0,0,0,0,0,0,0,0,0,0,10115,,,,,,,,,,
10119,ZCTA5 10119,0,0,0,0,0,0,0,0,0,0,0,0,0,0,0,0,0,0,0,-,-,-,0,0,0,0,0,0,0,0,0,0,0,0,0,0,0,0,0,0,0,0,0,0,0,0,0,0,0,0,0,0,0,0,0,0,0,0,0,0,0,0,0,0,0,0,0,0,10119,,,,,,,,,,
10128,ZCTA5 10128,59000,2771,2035,1875,2020,2713,5623,5762,4802,3526,3463,3718,4186,3213,3097,3825,2732,1798,1841,42.7,79.9,148705,1676,760,335,494,339,1041,513,433,307,877,1336,2617,2687,1777,3465,11497,5011,236,375,3097,457,853,1939,2374,16442,11731,5747,2941,32259,2104,16229,2154,13444,511,3920,609,0,470,13687,2924,16467,7406,51594,39759,3121,6111,10128,,,,215.0,0.0,0.0,1.0,0.0,0.0,2.0
10152,ZCTA5 10152,0,0,0,0,0,0,0,0,0,0,0,0,0,0,0,0,0,0,0,-,-,-,0,0,0,0,0,0,0,0,0,0,0,0,0,0,0,0,0,0,0,0,0,0,0,0,0,0,0,0,0,0,0,0,0,0,0,0,0,0,0,0,0,0,0,0,0,0,10152,,,,,,,,,,
10153,ZCTA5 10153,0,0,0,0,0,0,0,0,0,0,0,0,0,0,0,0,0,0,0,-,-,-,0,0,0,0,0,0,0,0,0,0,0,0,0,0,0,0,0,0,0,0,0,0,0,0,0,0,0,0,0,0,0,0,0,0,0,0,0,0,0,0,0,0,0,0,0,0,10153,,,,,,,,,,
10154,ZCTA5 10154,0,0,0,0,0,0,0,0,0,0,0,0,0,0,0,0,0,0,0,-,-,-,0,0,0,0,0,0,0,0,0,0,0,0,0,0,0,0,0,0,0,0,0,0,0,0,0,0,0,0,0,0,0,0,0,0,0,0,0,0,0,0,0,0,0,0,0,0,10154,,,,,,,,,,
10162,ZCTA5 10162,1769,274,24,60,44,18,28,146,112,26,61,112,0,86,275,41,177,285,0,54.3,99.9,110349,79,0,0,175,0,0,0,25,0,18,48,71,84,82,53,248,79,0,0,313,70,0,18,53,417,320,65,68,860,96,143,0,143,0,367,27,0,0,426,23,457,401,1368,1283,19,51,10162,,,,,,,,,,
10165,ZCTA5 10165,0,0,0,0,0,0,0,0,0,0,0,0,0,0,0,0,0,0,0,-,-,-,0,0,0,0,0,0,0,0,0,0,0,0,0,0,0,0,0,0,0,0,0,0,0,0,0,0,0,0,0,0,0,0,0,0,0,0,0,0,0,0,0,0,0,0,0,0,10165,,,,,,,,,,
10167,ZCTA5 10167,0,0,0,0,0,0,0,0,0,0,0,0,0,0,0,0,0,0,0,-,-,-,0,0,0,0,0,0,0,0,0,0,0,0,0,0,0,0,0,0,0,0,0,0,0,0,0,0,0,0,0,0,0,0,0,0,0,0,0,0,0,0,0,0,0,0,0,0,10167,,,,,,,,,,
10168,ZCTA5 10168,0,0,0,0,0,0,0,0,0,0,0,0,0,0,0,0,0,0,0,-,-,-,0,0,0,0,0,0,0,0,0,0,0,0,0,0,0,0,0,0,0,0,0,0,0,0,0,0,0,0,0,0,0,0,0,0,0,0,0,0,0,0,0,0,0,0,0,0,10168,,,,,,,,,,
10169,ZCTA5 10169,0,0,0,0,0,0,0,0,0,0,0,0,0,0,0,0,0,0,0,-,-,-,0,0,0,0,0,0,0,0,0,0,0,0,0,0,0,0,0,0,0,0,0,0,0,0,0,0,0,0,0,0,0,0,0,0,0,0,0,0,0,0,0,0,0,0,0,0,10169,,,,,,,,,,
10170,ZCTA5 10170,0,0,0,0,0,0,0,0,0,0,0,0,0,0,0,0,0,0,0,-,-,-,0,0,0,0,0,0,0,0,0,0,0,0,0,0,0,0,0,0,0,0,0,0,0,0,0,0,0,0,0,0,0,0,0,0,0,0,0,0,0,0,0,0,0,0,0,0,10170,,,,,,,,,,
10171,ZCTA5 10171,0,0,0,0,0,0,0,0,0,0,0,0,0,0,0,0,0,0,0,-,-,-,0,0,0,0,0,0,0,0,0,0,0,0,0,0,0,0,0,0,0,0,0,0,0,0,0,0,0,0,0,0,0,0,0,0,0,0,0,0,0,0,0,0,0,0,0,0,10171,,,,,,,,,,
10172,ZCTA5 10172,0,0,0,0,0,0,0,0,0,0,0,0,0,0,0,0,0,0,0,-,-,-,0,0,0,0,0,0,0,0,0,0,0,0,0,0,0,0,0,0,0,0,0,0,0,0,0,0,0,0,0,0,0,0,0,0,0,0,0,0,0,0,0,0,0,0,0,0,10172,,,,,,,,,,
10173,ZCTA5 10173,0,0,0,0,0,0,0,0,0,0,0,0,0,0,0,0,0,0,0,-,-,-,0,0,0,0,0,0,0,0,0,0,0,0,0,0,0,0,0,0,0,0,0,0,0,0,0,0,0,0,0,0,0,0,0,0,0,0,0,0,0,0,0,0,0,0,0,0,10173,,,,,,,,,,
10174,ZCTA5 10174,0,0,0,0,0,0,0,0,0,0,0,0,0,0,0,0,0,0,0,-,-,-,0,0,0,0,0,0,0,0,0,0,0,0,0,0,0,0,0,0,0,0,0,0,0,0,0,0,0,0,0,0,0,0,0,0,0,0,0,0,0,0,0,0,0,0,0,0,10174,,,,,,,,,,
10177,ZCTA5 10177,0,0,0,0,0,0,0,0,0,0,0,0,0,0,0,0,0,0,0,-,-,-,0,0,0,0,0,0,0,0,0,0,0,0,0,0,0,0,0,0,0,0,0,0,0,0,0,0,0,0,0,0,0,0,0,0,0,0,0,0,0,0,0,0,0,0,0,0,10177,,,,,,,,,,
10199,ZCTA5 10199,0,0,0,0,0,0,0,0,0,0,0,0,0,0,0,0,0,0,0,-,-,-,0,0,0,0,0,0,0,0,0,0,0,0,0,0,0,0,0,0,0,0,0,0,0,0,0,0,0,0,0,0,0,0,0,0,0,0,0,0,0,0,0,0,0,0,0,0,10199,,,,,,,,,,
10271,ZCTA5 10271,0,0,0,0,0,0,0,0,0,0,0,0,0,0,0,0,0,0,0,-,-,-,0,0,0,0,0,0,0,0,0,0,0,0,0,0,0,0,0,0,0,0,0,0,0,0,0,0,0,0,0,0,0,0,0,0,0,0,0,0,0,0,0,0,0,0,0,0,10271,,,,,,,,,,
10278,ZCTA5 10278,0,0,0,0,0,0,0,0,0,0,0,0,0,0,0,0,0,0,0,-,-,-,0,0,0,0,0,0,0,0,0,0,0,0,0,0,0,0,0,0,0,0,0,0,0,0,0,0,0,0,0,0,0,0,0,0,0,0,0,0,0,0,0,0,0,0,0,0,10278,,,,,,,,,,
10279,ZCTA5 10279,181,52,0,0,0,0,0,0,29,28,33,0,0,39,0,0,0,0,0,43.3,56.0,"250,000+",0,0,0,0,0,0,0,0,0,0,0,0,0,0,0,62,0,0,0,0,0,0,0,21,79,0,29,0,83,0,0,0,0,0,44,0,0,0,62,0,0,0,181,100,0,0,10279,,,,,,,,,,
10280,ZCTA5 10280,8668,290,317,96,393,507,777,752,789,825,1102,695,617,764,509,114,74,0,47,41.6,93.4,206250,1,12,37,26,27,0,0,45,100,24,100,265,388,136,896,2165,303,21,0,287,45,88,209,76,3029,1821,973,507,6380,430,2830,179,2651,0,1579,37,0,117,1985,277,2237,1023,7645,4904,161,2407,10280,,,,25.0,,,,,,
10282,ZCTA5 10282,5960,341,559,342,374,86,290,409,636,793,650,325,319,230,95,139,61,122,189,39.4,120.5,"250,000+",71,16,0,0,79,0,0,13,0,27,0,42,53,140,438,1705,381,15,0,249,32,109,75,269,1373,1495,532,92,3472,332,1116,150,954,0,614,23,0,123,1516,346,1068,124,5836,4207,145,903,10282,,,,18.0,,,,,,
10301,ZCTA5 10301,39799,2765,2145,2492,2147,2650,3055,3624,2807,2038,2522,2392,2569,2375,2120,1894,1122,472,610,36.7,94.4,84937,1068,522,394,324,237,500,353,263,369,1008,1470,1814,1470,1010,1436,2192,6808,821,311,5932,904,1411,3458,1936,5215,3855,996,486,17346,8761,5334,2530,1011,0,724,124,0,266,9008,3841,5422,11634,28165,14657,9044,2980,10301,589.75,,,198.0,,,,,,1.0
10302,ZCTA5 10302,19693,1278,1313,1489,1271,1383,1445,1708,1266,1244,1406,1206,1478,1191,796,434,388,146,251,34.8,112.9,76089,585,71,241,174,104,203,186,197,348,190,733,669,488,642,649,679,3939,609,63,3299,1232,457,1170,1132,2283,1317,87,59,7906,4917,2081,1492,331,14,102,0,0,156,4342,1431,1817,8559,11134,5259,4135,1161,10302,,,,177.0,,,,,,
10303,ZCTA5 10303,25993,1252,1828,2085,1940,1421,2201,1436,1705,1819,1675,1488,1546,2358,1038,817,448,653,283,37.6,87.6,79429,871,340,368,303,184,105,293,142,244,285,922,1191,720,675,1137,962,4829,740,201,3913,1402,987,1533,1570,3441,1572,57,101,11283,6225,4002,3354,407,49,214,2,0,93,6313,2878,2429,9792,16201,3951,8497,2607,10303,,,,186.0,,,,,,
10304,ZCTA5 10304,45843,2122,2910,2936,3079,3179,2700,3640,2814,2859,2886,3501,3267,3148,1946,1765,1162,1015,914,39.1,92.4,71506,1302,770,488,498,328,645,554,696,678,838,1388,1463,1684,1297,1178,2093,7940,1098,175,7717,2162,1403,3438,1807,6132,2340,867,591,20935,10794,6914,4729,900,11,965,46,0,347,10801,4499,5099,10924,34919,16640,11257,6051,10304,,,,226.0,,,,,,4.0
10305,ZCTA5 10305,41714,1402,2137,2465,2452,1984,2633,2438,2953,2867,2736,2395,3261,3665,3149,2368,1018,884,907,44.1,97.4,86294,773,372,519,542,456,507,440,532,265,788,1270,2622,1602,1457,1393,2099,3568,1565,217,7985,1252,1467,3202,2788,6209,2852,715,195,19565,10621,6436,4611,1037,80,962,47,32,204,10590,3184,5047,6461,35253,24112,1224,8588,10305,,,,279.0,,,,,,2.0
10306,ZCTA5 10306,57249,3135,3004,3649,3721,2960,3146,4137,3132,4027,3264,4393,3833,4179,3906,2606,1609,1216,1332,41.9,97.7,97746,681,436,425,597,670,677,589,634,608,920,1498,2289,2085,1995,2224,3518,5065,1496,267,11515,1572,2399,4222,2524,8371,4394,706,222,24665,14286,6780,5359,962,0,501,0,23,231,14806,4445,5040,10009,47240,35356,1148,8807,10306,568.8333333333334,,,335.0,,,,,,5.0
10307,ZCTA5 10307,14821,997,876,844,962,1002,580,723,1072,1137,805,1466,1121,935,746,633,516,262,144,41.2,110.2,138807,157,46,21,90,39,32,46,40,169,252,274,646,399,826,771,1327,396,274,154,2115,205,688,1018,1114,2181,1463,301,58,7070,5265,1010,771,157,6,186,0,0,18,3940,490,1195,1649,13172,12219,7,679,10307,,,,78.0,,,,,,2.0
10308,ZCTA5 10308,29996,1069,1411,2070,2027,1654,2310,2066,1374,1760,2322,2742,2142,2058,1560,1606,705,714,406,43.2,91.8,122654,415,145,310,211,129,352,148,81,240,384,775,1156,930,851,1904,2292,1738,283,56,5744,628,1106,2437,1841,5081,2919,477,306,14743,9402,3344,2224,675,39,167,0,0,36,8276,1410,2047,3297,26699,23675,215,2256,10308,,,,118.0,,,,,,1.0
10309,ZCTA5 10309,34918,1854,1818,2708,1889,1848,1790,1904,2822,2016,2634,2418,2294,2952,1963,1359,1126,962,561,42.2,97.1,123638,699,368,208,164,167,265,215,257,80,557,1094,906,1165,763,1892,3308,2074,339,66,5769,881,1244,3159,1980,5735,3510,469,188,16292,11415,2525,2146,158,56,406,0,0,177,9310,1401,2798,3068,31850,29248,148,1390,10309,,,,226.0,,,,,,3.0
10310,ZCTA5 10310,25824,2111,1481,1919,1721,1297,1784,2243,1475,1560,1307,1744,2096,1703,1351,822,637,225,348,36.0,92.9,106118,630,245,124,336,368,186,142,413,201,374,496,829,834,1216,1133,1455,3422,333,202,4580,986,767,2250,1289,2962,1706,443,224,11621,7287,2312,1472,235,9,659,0,0,263,6503,2183,2479,8189,17635,10510,4839,1338,10310,200.66666666666666,,,188.0,,,,,,
10311,ZCTA5 10311,0,0,0,0,0,0,0,0,0,0,0,0,0,0,0,0,0,0,0,-,-,-,0,0,0,0,0,0,0,0,0,0,0,0,0,0,0,0,0,0,0,0,0,0,0,0,0,0,0,0,0,0,0,0,0,0,0,0,0,0,0,0,0,0,0,0,0,0,10311,,,,,,,,,,
10312,ZCTA5 10312,63345,3694,4538,3729,3932,4130,3663,3695,3754,4373,4067,4300,4099,4493,3361,3561,2148,981,827,40.6,95.6,111434,711,323,422,389,437,447,472,708,369,1027,1483,2554,2428,1973,3135,4488,4057,1055,151,10878,1338,2099,4731,3046,10710,5472,1158,394,28675,20148,5052,3913,850,14,334,38,0,224,16645,3908,4721,8517,54828,46980,591,5985,10312,,,,263.0,0.0,0.0,0.0,0.0,1.0,3.0
10314,ZCTA5 10314,93539,5147,5321,5624,5584,5471,6586,5778,5785,5898,5973,6077,5810,6375,5242,4895,3420,2111,2442,41.4,95.5,104655,1149,874,777,748,927,854,820,848,1379,1393,2012,3364,3193,2386,4206,6489,9341,2090,576,17121,2439,3135,7451,4414,15696,7328,1227,502,41343,27854,8011,7158,426,21,788,0,19,303,23446,5642,7973,14048,79491,56189,3334,17349,10314,104.0,,,486.0,0.0,1.0,0.0,0.0,0.0,
10451,ZCTA5 10451,48975,3661,2759,3240,2843,3109,3925,4390,3712,3446,3126,3244,2278,2232,1951,1669,1266,958,1166,36.0,81.8,37111,2679,2294,2225,867,968,1136,959,789,1249,662,1940,2244,668,939,967,828,15676,1420,694,6563,1765,1328,5020,2967,4823,1863,343,66,19040,2579,11686,3201,8323,143,2299,82,0,323,11352,7379,10062,24896,24079,2938,19373,557,10451,1858.5833333333335,,,189.0,,,,,,3.0
10452,ZCTA5 10452,76745,5368,5963,6679,5621,4353,5829,6038,4950,5553,4335,5282,5061,3255,2888,2317,1723,597,933,33.7,91.1,37854,3452,3241,1727,1629,1717,1516,1477,856,1647,1771,2430,3163,1619,660,991,501,26773,3263,1433,10642,3750,2796,6222,4454,4924,1734,209,109,28028,4193,18658,4116,14139,354,2325,51,0,338,17663,11515,10734,50094,26651,2106,21601,637,10452,,,,310.0,,,,,,6.0
10453,ZCTA5 10453,78270,4813,5819,6149,5309,5531,5360,6487,5872,4382,4888,5050,5505,5206,3591,1936,975,913,484,34.7,82.4,35482,4846,3005,1589,1734,1191,1740,1077,872,1345,2053,2304,2398,1875,791,953,689,26120,3797,1534,12028,3358,3192,5273,3700,5512,1604,132,118,30016,5842,18710,5597,12669,370,2263,107,0,192,17793,11848,10669,52629,25641,1552,20679,989,10453,,,,295.0,,,,,,4.0
10454,ZCTA5 10454,40368,2492,3163,3386,2508,3146,2676,3721,2450,2959,2427,2075,2343,2371,1513,1372,703,686,377,33.7,85.8,27500,2608,2426,1024,1070,688,584,605,558,560,822,777,635,883,629,533,508,17197,1640,1133,5070,1522,999,2977,1830,2498,833,193,57,13395,1606,8289,1404,6801,84,1737,146,0,259,9278,5605,5632,28354,12014,1331,9435,123,10454,,,,149.0,,,,,,4.0
10455,ZCTA5 10455,42940,2190,3186,3708,4116,2730,3038,3437,2199,3893,2295,2501,2663,1885,1956,1119,1117,404,503,33.9,88.4,36701,2820,1613,1059,629,777,710,1241,765,615,1124,1043,1357,1009,418,828,358,14098,1719,927,5431,2592,1784,2368,2177,3228,918,161,42,15145,2214,8805,2097,6442,266,1688,158,0,488,10287,7238,6079,30337,12603,554,10319,423,10455,3419.5,,,216.0,0.0,0.0,0.0,0.0,1.0,5.0
10456,ZCTA5 10456,86958,7005,5893,7363,5913,6467,6050,6781,5475,5530,5090,4688,5416,4970,4030,2586,1758,1066,877,33.6,85.9,35676,5827,4297,1897,1539,1275,1245,1768,1658,1330,2289,2722,3310,1185,916,929,414,31548,3612,1902,12420,3563,2955,5888,4488,5477,1844,224,67,30018,6514,17558,7774,9683,101,2951,194,0,659,19715,14098,12886,45412,41546,2439,35785,664,10456,,,,247.0,,,,,,1.0
10457,ZCTA5 10457,79375,6049,6280,6536,5313,6090,7293,6753,5150,4645,4821,4413,4582,3893,3098,1801,1356,805,497,31.8,86.0,44911,3611,3160,1551,1484,1190,848,866,660,1436,2355,2532,2614,1653,1172,940,643,26848,3323,1810,11768,3331,2634,5707,3818,4819,1744,632,125,28546,5303,18634,5888,12148,482,2041,84,15,334,17936,11875,8779,50192,29183,1491,25660,375,10457,1418.3333333333333,,,321.0,,,,,,2.0
10458,ZCTA5 10458,78741,5299,6004,5549,6717,7438,6717,6218,5432,4497,5286,4117,4005,3207,2989,2100,1683,752,731,31.1,90.7,42107,3066,3580,1498,1712,917,1286,1570,1711,1340,2246,2626,3108,1823,862,1007,504,22418,2552,1283,10303,2297,2033,6953,3057,5307,1715,495,179,31644,4665,18399,5474,11900,940,4455,398,0,209,16966,10645,11890,55275,23466,6006,12650,3007,10458,4156.666666666667,,,362.0,1.0,0.0,0.0,0.0,0.0,3.0
10459,ZCTA5 10459,49753,3844,3454,4545,3454,3527,3429,3657,3130,2896,2238,3077,3552,3218,1977,1564,982,772,437,33.7,90.4,39276,2055,1963,1438,993,1105,737,740,1038,509,1344,1507,1878,740,620,711,541,16463,2187,1124,6276,2083,1812,3764,2952,2994,1029,197,59,18021,4590,9796,2300,7273,200,1615,257,0,59,11433,7256,6486,32964,16789,611,14585,522,10459,,,,204.0,,,,,,5.0
10460,ZCTA5 10460,61101,4023,4285,4956,4338,4122,4542,4870,3977,4304,2935,4537,4080,3183,3140,1317,1034,696,762,34.4,93.0,36067,2913,2991,1163,1659,1227,1221,803,1259,648,1071,1870,2137,1323,933,890,626,20584,2253,950,8870,2920,2081,4648,3328,4679,1062,93,133,22564,5628,13726,4660,8576,490,948,378,24,187,14246,9527,8488,39980,21121,2041,16611,579,10460,,,,206.0,,,,,,3.0
10461,ZCTA5 10461,50900,2863,3022,3120,3017,2784,4081,4002,3613,3282,3854,3048,3490,2932,2323,1636,1552,1046,1235,38.5,90.1,65023,1578,797,816,663,801,348,901,741,802,1516,1567,2149,1618,1364,1701,1716,8320,1742,479,8772,1770,1786,3750,3649,6009,2765,491,618,22755,9083,9521,2020,7219,91,1774,117,71,329,12225,4811,6853,23703,27197,15247,3801,6860,10461,,,,354.0,,,,,,4.0
10462,ZCTA5 10462,75452,5395,4462,5439,4038,5076,5857,6569,5590,5042,4035,4915,4941,4151,3055,3041,1852,894,1100,35.7,95.8,63460,2372,1377,1238,1122,1059,1158,1515,773,759,2523,3192,3733,3175,2226,1814,1502,14539,2286,683,12522,2736,2151,6235,4625,9077,4175,566,302,33535,9173,17668,5050,12354,234,2408,339,43,238,18182,8907,11356,34617,40835,7925,16389,13663,10462,2400.3333333333335,,,335.0,,,,,,5.0
10463,ZCTA5 10463,69373,4140,3499,4886,3863,3484,4214,4543,4388,4063,4419,4906,4278,4273,4220,3547,2727,1684,2239,41.9,82.8,72952,1997,1785,1203,1223,1072,1041,785,774,1232,1820,2623,3485,2422,1912,2668,3533,13246,1467,692,7421,1986,2170,5463,3536,10987,7289,2423,1040,28124,7528,13930,3115,9800,998,2286,33,4,371,16495,7399,13080,34773,34600,20522,8331,2634,10463,2298.6666666666665,,,204.0,0.0,0.0,0.0,0.0,1.0,3.0
10464,ZCTA5 10464,4273,29,281,164,171,47,284,116,70,195,373,453,191,263,238,302,438,518,140,54.9,95.1,100306,107,0,0,0,35,388,93,39,0,100,0,273,189,151,316,390,253,20,0,724,31,82,384,516,652,678,107,204,1576,905,287,93,175,0,261,0,0,0,1220,486,861,1400,2873,2491,33,91,10464,,,,22.0,,,,,,
10465,ZCTA5 10465,46457,2778,2415,3452,3406,2944,3554,3167,2497,3062,2965,2797,3437,2401,2078,1932,1246,1124,1202,37.9,99.8,90255,1337,625,482,490,504,333,531,621,385,678,1122,1806,1512,1086,2199,2510,6168,1021,918,7321,1324,2002,4479,2552,5649,3098,288,224,20390,12324,5065,2503,2443,75,578,87,0,239,11065,4427,5156,21438,25019,16381,4421,2617,10465,,,,135.0,,,,,,
10466,ZCTA5 10466,74061,4572,4785,6431,4216,4305,5343,4949,4971,4622,4133,5125,4803,4609,3768,3064,1661,1497,1207,37.2,82.5,66328,2093,1592,1010,1257,749,618,780,760,1006,1974,1756,3235,2378,1405,2375,2274,14540,1553,1190,12438,3323,1914,5905,3663,8124,3953,493,311,30531,13469,12950,3816,8650,484,1093,55,35,375,17976,9642,7286,21437,52624,1681,44716,1477,10466,,,,249.0,,,,,,4.0
10467,ZCTA5 10467,96304,6499,6406,6227,5980,6136,7980,6499,7042,6153,6440,5750,7304,5461,4531,2917,2172,1352,1455,36.6,90.8,47806,4411,3393,1993,1952,1611,1859,1318,1660,1726,2400,3903,4539,2398,1712,1929,1406,25338,3650,1376,14975,4328,2240,7987,5237,8825,4277,836,359,39709,9842,23009,6191,16259,509,3096,229,68,355,22338,11861,15872,51489,44815,8398,27119,6066,10467,1608.1666666666667,,,378.0,,,,,,7.0
10468,ZCTA5 10468,79825,6395,4910,5600,5478,5005,7005,6158,5606,5460,5527,4195,4737,4587,3248,2199,1435,1334,946,34.4,95.7,46624,3664,2373,1308,1534,1504,1143,1217,1129,1016,2437,2549,3621,1995,1077,1347,694,20942,2990,1860,13822,2226,2360,6921,4021,5329,2104,560,195,31031,4958,20940,6025,14458,424,2245,63,0,458,18334,11382,10274,60755,19070,2568,13861,1802,10468,,,,277.0,,,,,,3.0
10469,ZCTA5 10469,69855,4121,4100,3814,5376,4499,4604,5086,3437,4080,3778,4967,4651,4703,3375,2648,2438,1927,2251,39.9,87.1,76018,1685,1212,703,944,1023,501,658,622,607,1406,2263,2835,2294,2047,2285,2497,10226,1451,960,11167,2016,2008,6375,4252,8579,4017,962,400,29349,14260,11452,4934,6392,110,1314,14,4,334,16775,8013,6807,19150,50705,5726,37833,4376,10469,,,,335.0,0.0,0.0,0.0,0.0,1.0,3.0
10470,ZCTA5 10470,15558,1195,484,497,486,706,1540,1358,1163,1064,569,986,1086,1253,930,580,572,570,519,41.5,93.1,81134,282,144,122,303,167,267,166,186,124,421,942,799,644,502,568,988,1720,352,74,2603,790,541,1013,625,3410,1267,182,112,7523,2920,3377,813,2026,528,127,14,0,80,3707,1568,2918,3700,11858,5941,4642,410,10470,,,,79.0,,,,,,1.0
10471,ZCTA5 10471,23400,1045,866,1255,2224,1270,1051,1177,1403,1056,1132,1467,1456,1486,1553,1474,1102,930,1453,46.4,89.6,108738,261,160,94,112,428,183,130,212,384,207,857,1108,1316,720,1159,1874,1265,190,62,2173,534,837,1314,1005,4533,3302,829,1127,9649,3424,3299,661,2039,599,546,138,53,127,5152,1088,4053,7304,16096,12301,1732,914,10471,,,,61.0,,,,,,1.0
10472,ZCTA5 10472,63820,4921,4239,5162,4700,4798,5317,4447,4737,3838,3382,3478,3804,2899,2714,2053,997,1287,1047,33.2,98.6,43125,3212,1657,1213,1373,1124,801,978,1007,1024,1546,2079,1998,1140,1023,815,960,19923,2881,749,10803,2509,1499,4515,2922,4062,1155,178,54,22397,5746,13356,2965,10169,222,1480,187,0,83,15103,9351,6847,39427,24393,1148,14613,5086,10472,,,,274.0,,,,,,4.0
10473,ZCTA5 10473,59778,3608,3251,3908,3618,4681,4556,4393,2482,3018,3348,4074,3361,4529,3254,2347,2550,1648,1152,38.6,85.4,50609,2355,2367,995,1290,1141,585,811,1009,731,1789,1694,2503,1598,1280,1397,1189,14207,2391,1118,7893,2104,2322,5192,3231,6077,3121,339,163,22825,10356,9367,3753,5085,45,1262,190,0,215,14418,9235,8316,35424,24354,1007,20129,1454,10473,,,,101.0,0.0,0.0,0.0,0.0,1.0,
10474,ZCTA5 10474,11188,739,1127,863,561,1056,694,994,971,1077,538,496,621,347,313,372,237,128,54,32.0,99.6,41279,454,223,271,218,235,271,199,274,215,443,171,259,111,179,272,122,3346,505,136,1707,584,361,952,389,646,380,0,0,4516,1060,2736,909,1551,276,474,6,0,41,2551,1779,1366,7994,3194,204,2764,18,10474,,,,125.0,,,,,,
10475,ZCTA5 10475,42771,3046,1808,1610,2172,3310,2793,2670,2530,1760,2006,2789,3084,2816,2827,2970,1817,1591,1172,44.1,84.6,62383,848,920,823,1304,752,1058,494,789,960,1112,2122,2867,2198,661,1324,460,6450,447,320,7751,1294,2075,4204,2750,5237,3039,185,44,17826,5142,8795,4608,3953,178,1312,0,0,27,11374,6193,7318,12913,29858,1961,25865,796,10475,,,,122.0,,,,,,
11004,ZCTA5 11004,14296,719,463,751,536,434,863,1043,1077,856,576,702,1313,919,1169,734,883,566,692,48.8,95.0,109865,191,62,61,71,155,56,70,291,115,253,527,422,759,372,959,729,1596,740,100,2116,324,677,821,700,2747,1734,237,296,6596,4730,1050,446,503,50,111,0,0,11,3188,678,1905,1398,12898,3923,809,7368,11004,,,,83.0,,,,,,
11101,ZCTA5 11101,39007,2394,1471,1308,864,2361,5968,6843,4406,2987,2243,1773,1866,1343,922,877,636,231,514,33.4,103.9,116807,1137,1052,360,635,235,427,551,258,221,795,984,1855,1588,1570,1986,5395,5306,807,150,3655,726,653,1509,1122,10525,6768,2029,711,23214,3188,12760,556,12069,73,974,457,16,284,7947,1992,11102,7385,31622,13153,3778,12179,11101,1289.75,,,416.0,1.0,1.0,0.0,0.0,0.0,13.0
11102,ZCTA5 11102,28349,1633,695,1096,951,1477,2988,3870,3642,2169,1989,1777,832,1583,1384,889,509,363,502,36.7,99.2,102996,567,749,202,354,348,241,289,445,141,791,971,1346,1454,982,2025,2271,3456,430,94,2890,489,861,1365,1537,8070,3788,695,533,16119,2006,8664,709,7663,52,874,181,73,97,5797,1780,7379,7450,20899,13231,1674,4277,11102,,,,162.0,,,,,,2.0
11103,ZCTA5 11103,35357,1499,1196,1327,1143,1776,4534,5055,3774,2744,2416,1880,2002,1781,1589,1074,596,424,547,36.4,99.6,92787,778,329,323,284,452,446,329,292,424,943,1908,2225,1881,1377,1850,2370,3626,1045,184,4910,668,1080,2032,1845,9599,4069,827,386,21242,3535,12422,867,11422,99,1168,351,18,106,7771,1721,8440,9263,26094,18928,919,4441,11103,2443.0,,,261.0,,,,,,2.0
11104,ZCTA5 11104,26825,1500,1155,1191,1076,1002,2184,2664,2843,3033,1765,1782,1878,1228,1431,773,482,582,256,39.7,94.7,84716,449,261,316,230,439,210,284,354,504,797,1434,1782,1545,842,1342,1445,2348,463,7,3896,498,835,1804,1674,6240,3153,648,679,14527,2157,8243,719,7481,38,913,442,11,129,6252,1781,5982,7312,19513,10091,636,7601,11104,,,,125.0,,,,,,2.0
11105,ZCTA5 11105,38507,2150,1698,1434,1249,2012,4765,4991,3469,3036,2191,2150,2508,1694,1744,1346,949,472,649,36.2,99.7,100306,675,356,270,542,417,480,356,263,306,790,1358,2199,1787,1400,2031,2838,3521,741,176,4290,993,1170,2463,2070,10127,4608,1170,451,20645,4777,9924,733,9002,145,1163,378,69,125,8622,2387,7446,8615,29892,23062,1288,3996,11105,,,,238.0,,,,,,1.0
11106,ZCTA5 11106,40657,1756,1514,1997,1519,2577,4184,5495,3593,2853,2628,2570,2303,1969,2082,1250,924,747,696,36.4,97.3,85573,1119,785,585,656,439,582,760,432,356,958,1752,2264,1699,1441,2436,2706,5971,779,217,5435,555,1317,2652,1506,10327,4344,995,712,22274,2773,12558,748,11459,145,1447,436,40,234,8508,2702,10462,10951,29706,16911,2922,7534,11106,,,,227.0,,,,,,2.0
11109,ZCTA5 11109,7388,920,422,0,66,121,714,1471,1278,825,275,419,263,243,177,68,0,24,102,34.8,119.4,198773,15,15,0,15,33,336,40,0,0,86,72,153,225,351,505,1792,200,15,0,264,0,222,159,89,2402,1708,685,314,4715,554,2592,20,2411,21,28,79,0,82,2036,132,1602,375,7013,4420,48,2059,11109,,,,11.0,,,,,,
11201,ZCTA5 11201,69251,4698,2906,2580,2651,4066,8066,9345,7562,5082,4190,3948,3343,2144,2213,2241,1945,1175,1096,35.2,87.2,169285,1778,724,361,738,779,352,612,395,561,735,1389,1858,2185,2607,3930,14137,6847,463,304,3132,833,981,2135,1563,20052,13868,5401,2159,40534,2287,19010,429,18285,96,3691,1185,39,474,14432,3241,18709,7403,61848,39854,7963,9856,11201,2246.1190476190473,,,287.0,1.0,1.0,0.0,0.0,0.0,12.0
11203,ZCTA5 11203,76853,4124,3637,4201,3650,3475,5127,5596,5349,5010,4739,4600,4972,6168,4601,4543,3022,1860,2179,43.2,84.3,68028,2205,1695,1036,971,1010,1493,1367,1182,946,1810,2630,4167,2504,2126,2209,2798,12054,965,480,17184,3346,1813,8873,4823,9711,4255,644,377,34239,9263,19078,5683,12786,566,2193,130,65,169,19440,10704,10709,5599,71254,3972,59775,1352,11203,,,,318.0,,,,,,
11204,ZCTA5 11204,81368,7479,7364,7163,5498,4160,4404,5338,5086,4327,5257,4357,5057,4503,3642,2852,1686,1388,1807,34.3,95.2,67588,1209,1295,953,1061,1174,905,883,895,677,2372,2221,3831,2485,1431,2316,1598,16358,3772,1418,12846,1059,1779,3209,2778,9858,4460,704,132,30861,9234,12571,2304,9908,359,4723,702,15,237,19880,5227,5426,10605,70763,43211,686,23596,11204,,,,341.0,1.0,0.0,0.0,0.0,0.0,5.0
11205,ZCTA5 11205,50205,4487,4083,3827,4280,3626,4104,5246,4290,3073,2817,2008,1874,1832,1293,1064,902,796,603,30.5,86.5,86753,1255,801,628,587,488,463,392,346,394,966,1377,1484,1082,1406,1737,3866,12820,840,251,3860,985,1330,2405,1290,9556,4505,1102,533,21484,3397,8925,967,7654,58,3674,529,0,215,8861,3221,8411,7605,42600,26035,10134,3372,11205,1537.1666666666667,,,142.0,0.0,0.0,0.0,1.0,0.0,2.0
11206,ZCTA5 11206,89231,6873,5939,7334,6293,6948,9485,9411,6371,5425,3989,3572,3860,4057,3330,2692,1364,1305,983,30.7,88.9,57280,3561,2431,1883,1560,1362,1305,1449,975,1067,1614,2554,2958,3074,1947,2515,3441,29486,2355,1140,10530,2687,2119,4572,2733,14047,5078,921,217,37493,4547,19510,2146,17186,132,5486,910,0,431,17672,8726,16024,32462,56769,32604,15620,5846,11206,1188.25,,,293.0,,,,,,9.0
11207,ZCTA5 11207,93445,5242,5611,6303,5108,7114,8387,6502,6284,6741,5726,6294,5202,5628,4581,2831,2321,1409,2161,36.4,80.7,55419,4836,2467,1562,1416,1667,1091,1151,1151,952,2434,3632,3735,2808,1688,2423,2296,25189,2340,1205,19457,3741,2723,7614,5714,8588,3185,402,286,38893,10803,21780,4381,17051,348,1282,176,32,444,20587,11980,14722,30985,62460,4947,50863,1455,11207,,,,368.0,,,,,,13.0
11208,ZCTA5 11208,106901,8061,7382,8369,7812,6189,7919,8779,7036,5715,6082,6592,7554,6333,5075,3219,2328,1199,1257,34.3,94.1,59988,3668,1621,1074,1415,1657,1286,1464,1277,1171,2614,3381,4195,3419,1783,2346,2115,21330,2701,770,30070,3538,2429,5555,3944,7588,2774,187,341,42680,13545,21724,4640,16328,544,2116,281,0,569,25011,12700,9475,42003,64898,2716,45166,11202,11208,,,,416.0,1.0,0.0,0.0,0.0,1.0,7.0
11209,ZCTA5 11209,70756,3655,3819,3968,3759,2877,4785,5171,5554,5158,4505,4660,4730,3987,4261,3878,2689,1457,1843,41.9,93.4,92656,1415,1021,783,651,1170,955,976,826,585,1654,2277,3740,3315,2553,3183,5272,7952,1658,294,7917,1455,2028,4928,3211,15695,8142,2921,1081,34351,9137,14863,2925,11737,74,2031,395,48,432,17111,4365,13265,13789,56967,42790,1814,9534,11209,3086.0,,,316.0,,,,,,3.0
11210,ZCTA5 11210,60398,3411,3923,4198,3565,3728,4062,3949,3631,4406,3612,3724,3492,4120,3591,2985,1664,1040,1297,39.5,98.9,83261,1162,697,507,483,799,609,562,733,658,1629,1943,2541,2297,2069,1977,2774,6731,1192,238,7717,1625,1885,5486,3748,9589,5093,1111,541,26429,8837,12450,4293,7948,132,1557,172,20,124,14520,5795,6920,4499,55899,18154,30009,3301,11210,,,,221.0,0.0,0.0,0.0,0.0,1.0,2.0
11211,ZCTA5 11211,65691,5690,2958,3358,2551,5053,10554,9110,6028,4730,2976,2595,2285,2125,1410,1830,950,679,809,31.4,102.2,105183,1542,1415,1108,830,803,409,565,757,954,1064,1621,2311,1629,1773,2982,7734,13883,1511,421,6283,1453,1313,3162,1991,17143,5685,1896,551,36510,3464,17473,1062,16143,95,4884,1328,102,313,12214,3472,15283,17336,48355,38627,2529,4530,11211,3360.1666666666665,,,445.0,0.0,0.0,1.0,0.0,0.0,6.0
11212,ZCTA5 11212,87946,6295,6311,5958,5502,5390,7154,6581,5841,5331,4455,4393,6389,6696,3995,3171,1945,1477,1062,35.6,74.0,40060,4902,3574,1795,1695,1483,1521,1305,1474,1329,2114,2999,3014,1313,1372,1595,1103,29308,1653,1657,17196,4402,3896,6418,4031,7217,1898,270,208,31482,5977,21677,5153,15895,629,1350,96,0,388,19972,14377,12616,17172,70774,3360,59591,993,11212,1222.6666666666667,,,248.0,,,,,,7.0
11213,ZCTA5 11213,69630,4919,4013,4634,4079,5275,5833,6522,4573,4769,3667,4174,4054,3638,3317,2397,1554,1298,914,34.5,87.8,62040,1979,1993,1194,1368,1106,777,874,917,1272,1655,1749,3257,2323,1934,2177,2485,15321,1535,320,9318,1693,2500,6145,3726,9478,5062,841,506,30486,5831,16323,3093,12946,244,2734,668,114,246,14869,7686,12191,9129,60501,15711,39172,1179,11213,,,,186.0,,,,,,2.0
11214,ZCTA5 11214,88994,4689,5163,6154,5104,4621,5107,6072,6100,5861,5618,5576,5713,6603,5312,3834,2511,2222,2734,41.1,96.5,64286,1657,2303,1462,1162,1101,887,818,1508,1019,2201,3113,3498,2634,1792,2677,3174,16652,4438,1403,14464,1759,1632,4659,5103,13021,6026,963,505,37373,10382,18159,4586,13530,43,3105,530,103,512,21536,6355,9470,14851,74143,35210,1618,33498,11214,,,,601.0,,,,,,5.0
11215,ZCTA5 11215,70922,5250,4122,4143,2415,2017,5259,7990,8318,6468,4804,5097,3858,2998,2996,2309,1637,727,514,37.4,99.8,180773,976,284,328,488,434,241,184,199,488,935,1422,2077,2683,1778,3990,13240,4207,486,216,2781,583,545,2375,1914,19803,15262,5166,2272,41346,3517,18666,325,18106,195,3450,1437,38,324,17560,2695,12187,10299,60623,47727,2308,6335,11215,2234.666666666667,,,283.0,0.0,0.0,1.0,0.0,0.0,7.0
11216,ZCTA5 11216,59913,2444,2796,1944,1784,3095,8806,9499,6182,4038,3398,3360,2891,2543,2025,2193,1112,819,984,34.8,80.0,95000,1730,1081,888,723,416,727,396,663,583,1357,1968,3367,2472,2183,2940,5170,9487,930,297,7052,1680,1316,4173,2630,16801,8066,1362,491,34535,4430,18054,1145,16464,378,1255,1377,25,184,10944,4971,15720,7339,52574,17652,27370,2945,11216,,,,223.0,,,,,,2.0
11217,ZCTA5 11217,42569,3216,1997,1380,1373,1517,4934,5919,5146,3380,2876,2342,1960,1473,1164,1587,1019,607,679,35.9,86.2,158314,981,787,379,298,366,367,358,293,394,711,803,1256,1581,919,2134,7916,4266,321,107,2152,419,782,1871,1391,12883,7329,2654,1280,25359,1736,12807,498,12057,191,1888,574,38,119,8381,2363,11162,6748,35821,21070,6993,3986,11217,1608.5,,,180.0,0.0,0.0,1.0,0.0,0.0,8.0
11218,ZCTA5 11218,71313,4387,4869,5460,5049,3128,4912,4397,5942,5299,5016,4941,4221,3896,3265,2773,1627,1210,921,37.7,102.6,95916,987,978,578,413,1140,718,450,574,827,1640,2286,2940,2327,2162,2771,5262,8765,1395,590,8038,1170,1294,3577,3004,12667,8688,1988,1331,33858,7139,15003,1731,13153,80,2431,1069,6,301,16751,4364,9302,12210,59103,34978,6484,13104,11218,,,,570.0,,,,,,3.0
11219,ZCTA5 11219,94737,12455,10680,9616,7738,5980,6273,6187,5186,4931,4310,3330,3618,3602,4025,2978,1257,857,1714,25.5,107.5,55685,1295,1718,1064,1154,1316,1388,1227,1223,804,1564,2468,2927,1666,1197,1764,1701,29832,3071,2544,15561,1253,1289,3743,1722,7177,2362,586,239,30843,7566,10063,1744,8123,162,8899,444,47,328,19366,3999,5110,12384,82353,56902,1170,19999,11219,,,,369.0,,,,,,7.0
11220,ZCTA5 11220,90792,4809,7211,7431,5137,4747,5769,6866,7264,7100,6320,5935,4687,4705,4681,3296,2318,1367,1149,37.2,98.3,64201,1556,1607,1012,1431,1276,1067,1141,1290,1141,1836,2797,3806,2360,1512,2092,2412,21056,4908,5919,13525,1647,1367,3361,2787,9729,4602,882,422,39181,8428,18889,3502,14900,336,6008,727,99,609,20358,6953,7978,36244,54548,14738,1729,36253,11220,2978.5,,,588.0,,,,,,5.0
11221,ZCTA5 11221,90750,4337,4394,4089,4019,8020,12826,12038,7620,5848,4977,4824,3951,4420,2668,2832,1726,1193,968,32.8,87.6,85122,2772,2103,1191,994,1414,851,907,897,803,1576,2647,4578,3937,2847,3760,4755,19831,2564,1081,12352,2753,2354,6195,4271,18266,7686,1242,488,48450,7859,26452,3471,22401,580,2658,1715,0,415,17954,9434,18078,28900,61850,18404,33527,5152,11221,,,,240.0,,,,,,4.0
11222,ZCTA5 11222,41418,2233,1476,1062,757,2429,4977,7918,5306,3991,2387,1721,1888,1437,1016,938,786,499,597,34.9,94.6,123963,569,573,419,379,341,505,290,406,503,591,1691,1740,2219,1729,2926,5396,3933,511,160,3784,537,1059,2646,1516,13575,6378,1495,425,26411,2912,11946,706,10756,74,1994,1688,41,437,8098,1966,12179,6313,35105,27979,1525,2380,11222,,,,277.0,,,,,,2.0
11223,ZCTA5 11223,78566,6661,6181,5620,4923,4370,4311,5403,5374,4672,4787,4111,5149,4575,3809,3096,1823,1592,2109,36.4,92.6,63950,2113,1669,1116,1147,1298,921,921,831,1052,1504,1849,3022,2406,1714,2309,2561,15207,3036,995,12527,1271,1676,3737,3179,10576,5222,747,516,30014,10977,11588,1635,9767,186,2796,410,20,231,18816,5568,7617,10415,68151,40057,4255,20477,11223,,,,470.0,,,,,,7.0
11224,ZCTA5 11224,48469,2385,3037,3164,2910,2439,2577,2416,2170,1921,2559,2670,3094,3456,3860,3007,2413,2327,2064,47.6,83.7,41449,1672,3213,1478,1140,755,748,716,784,642,1421,1351,1701,909,1044,1069,1348,13369,1070,718,9411,1156,1297,1925,3121,6153,4649,578,185,14605,4239,6704,1402,5207,95,1342,15,0,204,12114,5194,7877,8974,39495,23184,10796,4122,11224,,,,194.0,,,,,,3.0
11225,ZCTA5 11225,56544,2828,2446,2867,2430,3089,5790,6080,4477,3910,3211,4073,3367,2944,2926,2262,1414,1492,938,38.1,90.0,85201,1145,968,1062,997,640,661,696,692,596,1916,1810,3347,2439,2343,2162,3273,8054,1214,599,6403,1638,1657,4621,3007,12929,5674,1483,558,29623,4180,16563,1851,14546,94,1525,729,133,277,12582,5960,12165,5860,50684,15430,30009,1708,11225,,,,152.0,,,,,,8.0
11226,ZCTA5 11226,100022,5423,4665,5156,4910,6100,10688,10333,8223,7193,6034,6289,6211,5030,4711,4218,2250,1368,1220,36.5,87.5,81084,1998,1743,1531,1129,1078,893,1698,1161,1722,1990,3346,4992,4737,2636,3754,4897,15218,1886,957,17180,3490,2215,9350,4477,16605,8008,1203,888,51434,7871,33315,5884,26976,442,1872,1145,10,282,22600,10847,16705,16356,83666,14464,58964,4063,11226,2079.6666666666665,,,377.0,1.0,0.0,0.0,0.0,0.0,6.0
11228,ZCTA5 11228,42325,2149,2230,2071,2102,2328,2505,2771,2646,2857,2299,3584,3025,2896,2724,2165,1748,1052,1173,44.1,98.0,80737,615,543,469,802,426,531,724,508,432,869,1126,1651,1404,901,1619,2485,5562,1901,315,7539,1195,996,2050,1728,7482,3033,819,328,18713,6261,7175,1946,5148,74,1306,599,6,70,11163,3228,3942,5333,36992,20274,449,15356,11228,,,,144.0,,,,,,1.0
11229,ZCTA5 11229,79802,5123,5025,5178,3982,3302,4433,5386,5237,4316,4771,4798,5508,5788,5466,4284,2383,2702,2120,42.5,94.4,72556,1783,1959,1249,1114,1190,1053,1001,1318,819,1868,2502,3376,2840,2087,2498,4267,12545,2053,308,10542,3529,3302,4457,5003,13996,7480,1343,795,33799,11060,13940,3150,10620,73,2599,523,37,464,20553,5146,10371,7261,72541,46713,4869,17724,11229,3085.5,,,454.0,1.0,0.0,0.0,0.0,0.0,3.0
11230,ZCTA5 11230,88252,7619,5696,7043,5292,4273,5849,7099,5217,5493,5164,4144,4527,5025,5305,4501,2261,1628,2116,36.0,98.3,69522,1967,2274,1326,1311,1324,1406,1046,938,974,1852,2645,4022,3181,1732,2061,3743,16727,3166,743,10107,1492,2396,4520,4105,13953,8718,1851,974,36061,11090,14589,3372,11032,178,3862,465,52,794,20249,4898,11553,11187,77065,50721,7214,14614,11230,,,,406.0,,,,,,6.0
11231,ZCTA5 11231,39704,2902,2657,2713,1700,1356,2355,3715,3944,4077,3096,2422,2623,1801,1489,1000,1245,317,292,37.7,88.3,138485,1322,632,341,469,301,210,370,458,319,458,697,1110,1116,1094,1900,6013,5139,887,421,2294,911,473,1381,966,10346,6588,1889,777,20606,2207,8111,239,7740,54,2527,931,0,221,9610,2707,7200,6281,33423,24269,4395,1956,11231,419.6666666666667,,,171.0,,,,,,1.0
11232,ZCTA5 11232,26681,1338,1186,1677,1354,1459,2178,3353,2495,2351,2015,1764,1848,1174,935,678,424,201,251,36.7,122.1,87517,336,112,246,363,502,571,330,419,244,362,637,1217,720,561,1019,1697,4230,1256,698,2623,950,651,1192,1131,3832,2368,713,206,13344,2744,6676,888,5647,122,1032,507,21,279,5186,1597,4150,13898,12783,6261,1647,4002,11232,,,,223.0,,,,,,2.0
11233,ZCTA5 11233,82711,5371,4507,4327,4052,6617,8494,7646,6053,5098,5052,5159,5473,4663,3328,3086,1486,1080,1219,35.2,86.4,62034,3356,2078,1323,1545,887,1218,1516,831,1134,2032,2598,4027,2577,2402,2575,2685,19365,1051,1202,15488,2569,1861,6817,4140,11366,6240,768,425,37165,7407,22229,3104,18623,502,1315,841,0,270,18435,11208,14349,13291,69420,10126,53931,1241,11233,,,,158.0,,,,,,4.0
11234,ZCTA5 11234,87778,4386,4695,6014,4881,4830,4861,5096,5647,5248,5397,6046,5631,6808,5637,4894,3695,1867,2145,43.3,85.9,94434,1532,852,1155,1234,789,1073,793,933,855,1631,2274,4192,3140,2690,3392,5643,8530,1746,548,13344,3298,2528,6691,5515,13786,8622,1207,806,39831,18996,15070,6716,8106,240,1501,181,0,301,23509,8116,8669,8569,79209,30599,36823,7190,11234,480.6666666666667,,,481.0,1.0,0.0,0.0,0.0,0.0,
11235,ZCTA5 11235,81958,4077,3865,3789,3447,3758,4629,5176,4971,5149,4582,5295,6407,5980,5390,5970,3576,2613,3284,47.2,90.5,61689,2552,2691,1800,1577,1088,1557,908,1496,1230,2400,2705,3608,2530,2013,2963,4215,14103,1578,463,9542,2887,2569,4822,5564,18201,10323,1979,770,35283,11050,14127,2629,11429,69,4581,339,42,476,21869,5753,13464,7105,74853,55316,2254,12023,11235,2567.8333333333335,,,555.0,0.0,0.0,0.0,0.0,1.0,3.0
11236,ZCTA5 11236,95174,5658,5769,5259,5407,5606,7115,6672,5570,5859,5657,5762,6907,6488,5863,4398,3805,1535,1844,40.4,84.5,82813,2424,1057,1202,1218,894,996,1220,745,981,2173,2550,4453,3620,2789,3163,3833,12541,1989,438,16623,4147,2498,10294,6551,12815,5159,858,388,41338,16255,20340,6703,13116,425,946,62,0,239,24242,12975,9076,7911,87263,3478,75255,2103,11236,,,,331.0,,,,,,2.0
11237,ZCTA5 11237,45233,1834,1295,2192,1903,4034,7199,6059,4052,3470,2870,2191,1966,1634,1940,1014,970,363,247,33.3,105.4,82570,1014,512,628,1070,507,353,438,411,510,1375,1352,2814,1703,1268,1915,1853,9391,1784,619,4961,1596,920,2689,1710,10201,3122,607,122,24989,3211,14163,1480,12499,136,1664,500,0,248,8064,3393,9659,23645,21588,11566,4393,3001,11237,,,,314.0,,,,,,5.0
11238,ZCTA5 11238,58462,4248,2068,2767,1258,1966,6764,9076,6331,4298,4168,3497,2957,1957,2403,2027,965,961,751,35.7,82.2,132957,1350,944,637,503,575,364,513,543,636,1016,1224,2241,2465,2192,3640,8528,6798,574,274,3197,1191,963,2936,1796,17337,10893,3263,1355,35132,3269,17132,712,16251,85,2274,1173,82,566,11492,3024,15879,8547,49915,27566,13496,4106,11238,2146.3333333333335,,,172.0,,,,,,7.0
11239,ZCTA5 11239,16047,431,724,1054,1144,606,648,907,1144,864,624,988,1068,958,962,1118,924,866,1017,48.8,64.7,35675,630,1314,1043,427,340,325,496,319,282,421,749,598,514,227,408,227,3941,288,203,2851,1939,610,1136,1361,1656,964,33,15,5679,1545,2831,1344,1481,6,347,43,0,115,4037,2541,4283,3048,12999,2351,9154,478,11239,,,,8.0,,,,,,
11249,ZCTA5 11249,45353,4700,3275,2996,3094,2009,6099,5707,4943,2591,2106,1570,1902,1075,1086,1098,410,266,426,30.5,90.5,121400,693,603,266,581,601,455,354,233,820,786,893,1143,1518,1224,1777,5674,8726,261,472,3576,798,698,2076,1448,10492,5122,1336,370,23426,2319,10362,307,8643,68,2571,965,0,248,9510,2330,8111,8201,37152,28494,4037,2368,11249,,,,,,,,,,
11354,ZCTA5 11354,52325,2188,1659,2339,1596,2355,3074,3984,3447,2860,4184,3249,4325,4373,3668,3123,2212,1792,1897,48.1,92.3,62833,1929,985,1037,756,1441,1099,571,648,433,1339,1742,2694,1805,1433,1941,1422,9173,3033,1248,10383,1222,1112,2942,3867,8732,3874,864,420,24233,9335,8192,2603,5392,165,3900,216,8,241,13575,3968,7700,7530,44795,7879,1520,33741,11354,5786.277777777777,,,401.0,,,,,,1.0
11355,ZCTA5 11355,79802,3666,3546,3503,3097,2987,3931,6381,5702,5225,5096,7038,6321,5539,5243,4505,3097,2456,2469,46.7,92.5,53700,2952,1836,1201,1952,2111,1314,998,1039,898,3035,2653,2908,2381,1602,1799,1972,17299,5839,4008,16408,1398,1604,4672,4870,9414,3913,952,581,33970,11591,12753,4601,7859,271,5349,436,43,694,20746,6105,9905,11424,68378,5331,1857,59484,11355,,,,313.0,,,,,,
11356,ZCTA5 11356,26956,1695,1548,1712,1834,1559,1559,1983,1924,1570,1584,1778,1560,1775,2022,1505,453,563,332,39.4,100.6,91445,123,146,161,184,230,486,471,207,363,405,672,1063,812,1066,1094,889,2518,1379,362,4994,551,641,1983,1605,3111,1254,164,126,11819,6816,3497,1515,1974,8,481,35,0,109,6677,2234,1695,11299,15657,5576,163,9503,11356,,,,141.0,1.0,0.0,0.0,0.0,0.0,
11357,ZCTA5 11357,42341,2081,2377,2365,2133,1609,2194,2126,2381,1899,2906,2777,3143,3439,3206,3242,1554,1387,1522,48.4,86.2,97754,716,298,315,328,403,655,431,444,495,859,1115,1991,1698,1345,1679,2983,3816,1283,453,6711,943,1730,3524,2301,6815,3717,1092,414,17648,12233,3275,1513,1708,54,227,2,4,70,10884,2688,4871,6080,36261,23336,164,10673,11357,,,,203.0,,,,,,
11358,ZCTA5 11358,36496,1713,1932,2274,1491,1456,2002,2857,2644,2259,2451,2412,2933,2736,2664,1896,1105,856,815,43.8,97.1,88729,562,265,331,389,467,283,368,452,479,779,1307,1789,1340,908,1461,2029,3793,1344,701,6065,877,679,2615,2784,6116,3116,768,315,16422,8625,4952,1549,2618,785,675,104,7,146,9742,2329,3467,6274,30222,10165,248,17950,11358,537.5,,,186.0,,,,,,
11359,ZCTA5 11359,0,0,0,0,0,0,0,0,0,0,0,0,0,0,0,0,0,0,0,-,-,-,0,0,0,0,0,0,0,0,0,0,0,0,0,0,0,0,0,0,0,0,0,0,0,0,0,0,0,0,0,0,0,0,0,0,0,0,0,0,0,0,0,0,0,0,0,0,11359,,,,,,,,,,
11360,ZCTA5 11360,19510,853,585,800,895,734,772,1348,803,1094,1092,1317,1675,1563,1483,1604,1006,852,1034,53.0,89.9,100250,552,128,260,151,201,185,249,125,256,499,820,983,686,783,1371,1573,1489,527,103,2420,215,632,1562,1091,3758,2992,498,441,8267,4882,1617,652,695,270,110,27,0,100,5099,841,3723,2410,17100,10609,248,5730,11360,,,,37.0,,,,,,
11361,ZCTA5 11361,30402,2193,1554,1551,1160,1385,2236,2243,1783,1941,2055,2022,2374,2047,2034,1278,774,662,1110,42.9,85.1,108391,354,326,181,279,236,417,99,296,251,497,551,1628,1524,998,1353,2239,2761,829,202,3377,735,1011,2046,1862,5884,3774,775,417,14884,8178,3875,999,1722,1148,846,0,26,77,7724,1929,3505,4558,25844,11231,1096,12657,11361,1294.5,,,150.0,,,,,,
11362,ZCTA5 11362,18156,531,887,854,785,685,1021,857,984,1151,1098,1568,1591,1226,1594,1258,879,528,659,50.5,92.8,118989,228,38,96,81,126,75,202,275,272,416,416,640,960,591,1287,1390,1032,247,31,2111,210,597,1492,1460,4464,1929,747,385,8662,5723,1187,243,399,545,141,0,0,91,4942,1032,2151,1723,16433,6743,521,8798,11362,,,,73.0,,,,,,
11363,ZCTA5 11363,7515,297,522,437,321,248,343,464,422,355,385,630,507,653,367,711,425,247,181,49.6,89.9,110833,139,25,88,39,76,58,75,70,110,93,138,434,302,180,372,691,670,55,121,433,95,165,882,492,1383,1036,523,181,3403,1837,752,105,210,415,82,0,0,20,2099,445,791,925,6590,4053,20,2175,11363,,,,30.0,,,,,,
11364,ZCTA5 11364,36417,2041,2213,2114,1368,1676,1604,1983,2287,2316,2182,2666,3163,2939,2323,2520,1179,888,955,46.3,93.0,101222,678,150,396,403,424,389,397,223,272,650,1185,1644,1786,1104,1626,2426,2540,2006,181,4330,764,728,2297,1888,7776,4124,959,289,16892,10477,3626,1971,1347,278,442,33,0,130,9969,1997,3784,5525,30892,10717,678,18291,11364,,,,95.0,,,,,,
11365,ZCTA5 11365,43258,2373,2015,3052,2144,1890,2641,2402,2748,2877,2319,3143,4108,3392,2433,2207,1524,1157,833,44.0,92.7,85375,939,228,397,760,411,560,367,708,330,1038,1695,1913,1558,1506,1685,1929,4096,1628,149,6168,745,1523,2996,2804,7563,3653,740,374,19394,10812,4697,2611,1992,72,839,30,217,439,11267,2829,4757,8878,34380,9743,4687,18762,11365,,,,143.0,,,,,,
11366,ZCTA5 11366,12967,766,651,570,507,816,903,853,718,1058,553,746,1229,926,852,669,555,260,335,42.5,105.0,117402,282,32,10,81,78,138,78,119,98,203,233,622,395,613,713,823,1362,307,91,1471,171,217,812,550,2804,1451,559,204,6231,2481,2136,1135,974,27,219,59,0,135,3291,564,1227,2140,10827,3910,571,5695,11366,,,,88.0,,,,,,
11367,ZCTA5 11367,42210,3702,2793,2084,3183,2796,3219,2744,2452,1844,2717,2499,2246,2484,1933,1927,1122,1219,1246,35.8,85.2,75804,925,728,511,659,801,723,459,487,319,633,1059,1397,1647,853,1700,1815,5726,1197,411,4934,860,1037,1639,2207,6722,4405,911,601,18320,8824,6207,3112,3017,78,943,45,0,141,10265,3508,4451,8123,34087,17769,3107,10613,11367,,,,122.0,,,,,,
11368,ZCTA5 11368,107060,7039,7220,7342,7330,6059,8754,9531,8048,7787,7474,6798,6040,4789,4570,2954,2283,1430,1612,35.1,108.0,71798,1377,1338,1047,1329,1330,1005,1280,817,866,1969,3482,4153,3395,2247,2195,2029,19308,5085,1050,21978,2225,2763,5387,4169,7610,2101,588,85,50286,10170,32280,5778,24124,2315,4326,814,159,528,22321,10177,7538,79956,27104,4503,8936,12359,11368,,,,604.0,,,,,,3.0
11369,ZCTA5 11369,33354,1442,1800,2150,1976,2017,2572,2962,2045,1945,2045,2291,2557,2097,1710,1646,876,718,505,39.2,110.0,80577,473,334,195,209,244,290,425,355,338,640,1148,1515,1086,1123,914,842,4904,763,456,6679,976,1189,2593,1860,3643,1746,135,166,14580,5304,7172,1717,5268,124,497,134,9,28,7460,3241,2671,19657,13697,2299,5642,4718,11369,,,,153.0,,,,,,
11370,ZCTA5 11370,28762,1320,1232,1573,1410,1765,2396,2438,2065,2707,2286,1705,2193,1884,1244,781,560,531,672,40.3,121.2,74895,510,226,411,280,181,205,313,355,227,715,972,742,1160,714,899,854,2696,1130,164,6351,1053,752,1431,1589,3731,1195,321,70,11000,3951,4808,842,3836,74,544,128,0,59,5797,1638,2967,11206,17556,7808,1912,7229,11370,,,,117.0,,,,,,
11371,ZCTA5 11371,0,0,0,0,0,0,0,0,0,0,0,0,0,0,0,0,0,0,0,-,-,-,0,0,0,0,0,0,0,0,0,0,0,0,0,0,0,0,0,0,0,0,0,0,0,0,0,0,0,0,0,0,0,0,0,0,0,0,0,0,0,0,0,0,0,0,0,0,11371,,,,,,,,,,
11372,ZCTA5 11372,66995,3949,3782,3209,2426,3006,3870,5490,5110,5272,5288,4906,5523,4077,3867,2922,2060,1093,1145,42.4,107.8,77133,1021,1033,850,1018,907,804,980,807,781,1630,2576,3462,2212,1664,2570,3069,9920,2174,817,11134,1948,2182,4164,3593,10162,5472,1152,981,33237,6493,17954,1294,16464,196,2722,519,33,595,16256,5769,9128,37023,29972,12158,844,13866,11372,2970.25,,,409.0,,,,,,4.0
11373,ZCTA5 11373,99433,4967,5658,6328,5794,5164,7416,8627,8719,7122,6907,6760,6895,5584,4276,3851,2252,1856,1257,38.3,100.9,71470,1135,1179,1025,1499,913,1125,1599,966,1304,2876,3543,5315,3064,2190,2052,2588,11575,3911,1096,17547,2216,2701,4604,5300,15175,4404,1005,601,50043,10751,30971,3457,27209,292,3667,307,83,482,22951,8019,9422,43153,56280,4854,1507,47737,11373,2994.6666666666665,,,447.0,1.0,0.0,0.0,0.0,0.0,4.0
11374,ZCTA5 11374,46128,2621,2680,2146,2325,1797,3287,3219,3315,3778,3292,2066,3086,2869,2689,2358,1612,1767,1221,42.2,93.2,86333,1432,788,667,638,785,389,563,481,790,968,1484,1954,1768,1747,2376,2673,6557,1247,78,6106,421,1664,2205,3102,10036,5764,1015,691,22294,5564,10847,1459,9380,8,1545,101,39,239,11907,3052,7596,10098,36030,17321,1768,13587,11374,,,,221.0,0.0,1.0,0.0,0.0,1.0,1.0
11375,ZCTA5 11375,75320,3975,3968,4322,2968,2033,4589,6007,5116,5179,5377,5960,5164,5573,4215,3839,2620,2194,2221,44.5,91.7,104319,1755,696,796,1150,759,753,1080,581,503,1823,2492,3458,3835,2670,3824,7042,5928,1429,166,6672,1113,2482,4839,3661,18861,11323,3099,1904,38730,10801,17421,1538,15437,446,2063,121,0,554,19263,4042,13954,12360,62960,35345,1956,21118,11375,1886.3333333333333,,,300.0,1.0,1.0,0.0,0.0,0.0,4.0
11377,ZCTA5 11377,83545,4316,3754,4680,3360,3391,6061,8274,7696,6604,6334,5654,4707,5159,3885,3860,2334,2057,1419,40.2,98.2,73292,1445,1134,778,1317,1348,1547,1328,1203,1156,2371,3383,4810,2917,2108,3094,3432,8961,3964,385,17665,1311,1824,4720,5501,14115,5614,866,579,43024,10650,23095,2314,20271,390,3718,511,95,380,19122,6326,14249,33160,50385,16433,1558,30109,11377,,,,416.0,,,,,,5.0
11378,ZCTA5 11378,37828,2391,1845,2601,2485,2202,2103,2074,2389,2440,2582,3358,2763,3001,1944,1393,1164,542,551,41.5,98.9,84762,618,385,406,345,458,349,331,468,614,911,1055,1341,1359,911,1803,1659,4938,1198,379,7739,880,1347,2986,2034,4651,1893,247,96,17571,8513,6452,2879,3499,57,833,132,97,239,9255,2894,3758,13150,24678,18081,171,5557,11378,,,,287.0,,,,,,
11379,ZCTA5 11379,37378,1381,1812,2320,1950,1648,1880,2414,2149,2211,2959,2543,2834,2856,2758,1998,1323,988,1354,46.7,94.9,92509,485,326,231,598,473,545,486,360,385,833,1037,1705,1510,1016,1682,2225,2694,1085,179,6641,852,1660,2634,2131,6027,3098,471,313,17786,8832,6110,1931,4149,14,507,169,25,263,9644,2760,4253,8692,28686,22786,361,4240,11379,,,,194.0,,,,,,1.0
11385,ZCTA5 11385,103865,5852,5418,5979,5145,7319,9526,10565,8688,7310,6232,7003,6626,5417,4753,3301,1916,1344,1471,36.1,97.0,87365,1571,781,1109,1105,955,1068,1083,1263,1300,2129,3882,5325,4083,2896,4539,4497,11880,2866,931,18027,2932,3864,6022,5930,17180,6515,971,654,53475,15427,26320,4520,21646,120,3090,905,33,408,23851,8845,13735,47199,56666,44167,2644,7152,11385,1395.6666666666667,,,638.0,,,,,,4.0
11411,ZCTA5 11411,20501,929,798,1204,856,1121,1088,1359,1117,1281,1342,1544,1612,1527,1056,1237,1042,722,666,46.7,79.3,118393,185,89,131,107,226,105,143,164,114,425,416,621,819,674,956,1343,1221,253,133,3230,916,751,2491,1422,3289,1886,235,130,9864,6327,2726,1370,1169,163,67,49,0,53,5080,2059,1438,1537,18964,383,17299,451,11411,,,,50.0,,,,,,
11412,ZCTA5 11412,41350,2324,2059,2417,2472,2813,2990,2801,2394,2786,2488,2922,3533,2840,2227,1338,1216,852,878,40.4,80.8,98418,496,290,294,156,258,385,227,316,231,813,1038,1634,1493,1116,1437,1911,3967,584,369,7742,1432,1497,5118,2853,4564,2400,289,129,19216,9761,7038,2803,3784,449,253,52,0,75,9368,4722,2727,3548,37802,440,32103,1747,11412,,,,125.0,,,,,,
11413,ZCTA5 11413,45072,1992,2151,3307,3022,3046,3009,3166,2967,3100,2709,3545,3571,2915,1788,1767,1249,810,958,39.8,79.5,114766,328,232,174,274,98,161,232,279,414,693,907,1848,2031,1602,2462,1977,2657,533,119,7780,1804,1799,5686,2688,5472,2986,631,204,21336,11809,6271,2537,3034,605,365,96,16,159,11013,6070,2699,3910,41162,555,37755,685,11413,,,,149.0,,,,,,
11414,ZCTA5 11414,31090,2640,2164,1518,1469,769,1270,1399,2337,1942,2133,1899,1873,1972,2210,1807,1336,694,1658,45.1,96.5,98209,651,540,224,257,197,293,310,183,606,496,1064,1202,876,1010,1350,2264,1911,576,224,5414,846,1451,2745,2003,4013,2381,415,235,12266,8004,2652,906,1726,20,314,64,0,70,7834,2169,3689,7800,23290,19052,1633,1485,11414,,,,113.0,,,,,,
11415,ZCTA5 11415,21379,1394,1205,1042,964,1013,1802,2203,1555,1359,1357,1351,1232,1425,1089,793,782,375,438,37.5,104.1,88632,376,401,208,515,68,160,314,150,282,597,661,1162,954,737,1019,1363,1992,618,133,2107,260,591,1426,1225,4803,2755,605,182,10987,3290,4898,791,3520,587,597,72,0,317,4877,1472,4090,5281,16098,9267,1260,4308,11415,1479.6666666666667,,,75.0,,,,,,1.0
11416,ZCTA5 11416,26660,1626,1493,1532,1737,1725,2533,1536,1543,1678,1936,1898,2029,1722,1445,1105,425,201,496,38.6,103.4,85544,292,179,264,87,330,238,287,146,347,372,761,1024,673,646,889,966,3973,907,164,4714,836,865,1789,1732,3264,1029,199,102,12174,4566,5085,1470,3401,214,722,121,0,88,6173,2273,1328,11535,15125,3165,1028,8715,11416,,,,185.0,,,,,,
11417,ZCTA5 11417,30091,1792,1986,1905,1722,1806,2422,1876,1830,1787,1780,2194,1879,2407,1776,1090,718,573,548,39.2,92.2,86330,412,384,135,359,535,155,250,350,446,376,792,1179,1071,549,991,1387,3676,1424,293,4619,1104,1429,2221,1779,3095,1667,260,143,12985,5644,5493,1071,4375,47,604,102,0,76,7171,2312,2200,11247,18844,5129,1951,8602,11417,,,,235.0,,,,,,5.0
11418,ZCTA5 11418,36304,2161,1970,2676,2010,2316,2462,2424,2193,2224,2364,2383,2468,2711,2232,1606,1012,542,550,39.9,101.0,84927,495,216,260,244,264,394,515,352,365,918,1064,1533,1244,971,1225,1548,3528,1075,419,5815,1443,1040,2375,1595,5060,2380,405,313,16996,6798,7507,1961,5430,116,826,118,42,99,8308,2545,3300,14891,21413,6469,2747,8677,11418,,,,277.0,,,,,,4.0
11419,ZCTA5 11419,46938,1938,1949,2494,2571,3161,3852,3121,2718,3221,2627,3627,3830,3520,3260,1927,1681,963,478,42.2,105.8,91231,630,274,299,373,729,250,353,533,300,639,845,1910,1571,1175,1486,1653,5393,3404,439,9455,2120,1296,2910,2314,4946,1774,408,72,22048,9559,9118,2800,6120,198,1631,1,0,168,10667,3941,2353,9672,37266,1674,5209,16143,11419,,,,476.0,,,,,,2.0
11420,ZCTA5 11420,50060,2562,2521,2566,2897,3498,3812,3685,2849,2875,3002,3968,4393,4072,3027,2092,1202,598,441,41.0,107.6,98584,498,283,221,333,353,264,437,518,344,672,1069,2132,1614,1326,1974,1937,5410,1958,413,9698,2266,1395,3947,3029,5083,2314,320,132,23642,12677,8112,3231,4814,67,618,0,10,185,11851,4171,2124,10769,39291,2197,10106,16987,11420,,,,325.0,,,,,,1.0
11421,ZCTA5 11421,41937,2150,2209,2458,2629,3039,3077,2807,3134,2795,3179,2802,3289,2744,2311,1626,687,528,473,39.0,101.9,89439,439,206,243,436,210,394,380,409,384,635,892,1999,1363,836,1377,1783,4152,2331,433,7306,1487,1404,2927,2372,5439,1674,444,107,19329,6381,10544,2070,8359,115,823,34,10,57,9595,3441,2391,23464,18473,5631,1638,8516,11421,1417.1666666666667,,,183.0,,,,,,3.0
11422,ZCTA5 11422,33085,1670,1531,1969,1843,2027,2225,2728,2065,1970,2070,2025,2425,2691,2484,1412,855,495,600,41.9,88.0,108519,158,121,200,315,62,179,246,363,426,520,852,1313,1334,1031,1384,1837,2784,647,223,5182,1053,1574,3202,2514,5076,2374,354,202,15996,8864,4810,1851,2140,570,235,0,0,146,7604,3478,2737,3001,30084,1857,25967,655,11422,,,,96.0,,,,,,
11423,ZCTA5 11423,29105,1243,1538,1530,1428,1984,2020,2017,1308,1805,1530,2425,2154,2415,1890,1417,877,790,734,43.9,93.9,80870,606,230,320,177,202,310,538,491,224,807,796,1152,1116,678,985,1192,3006,797,297,4566,942,940,2432,1870,4833,1641,773,92,13643,6037,5895,2337,3382,169,587,15,0,77,7306,2760,2518,4484,24621,2835,9835,8925,11423,,,,152.0,,,,,,
11426,ZCTA5 11426,19638,1311,800,1176,655,1057,1280,1044,1148,1160,1034,1336,1294,1657,1880,1093,852,328,533,46.4,103.9,107591,62,83,31,281,62,121,245,128,98,283,484,1064,583,698,1121,1035,1400,208,10,2637,548,558,1533,1183,3920,1862,465,171,9632,6738,1794,532,1140,122,20,0,0,61,4893,796,1486,3117,16521,4404,1080,9854,11426,,,,109.0,,,,,,
11427,ZCTA5 11427,25124,1231,1046,1349,1248,1225,1845,1573,1379,1251,1272,1353,2338,2319,2172,1769,842,364,548,46.3,94.3,92129,325,356,92,252,231,278,94,310,240,482,629,1071,676,918,893,1274,2846,793,108,3929,728,650,2040,1933,4089,1940,536,221,10980,6364,3241,1251,1809,181,82,9,0,131,6125,1804,1996,4233,20891,3574,5449,9376,11427,,,,81.0,,,,,,
11428,ZCTA5 11428,18898,871,681,843,945,1608,1032,1410,779,888,1330,1631,1237,1442,1441,1152,779,492,337,46.5,101.4,84977,238,162,186,120,69,227,127,138,377,317,615,745,685,537,729,750,1690,682,262,3612,485,767,1448,1128,2542,1115,158,49,9113,4989,2771,1092,1623,48,219,14,0,105,4815,1107,1207,5287,13611,1508,3102,6139,11428,,,,114.0,,,,,,
11429,ZCTA5 11429,27933,1021,1303,1693,1519,2286,2005,1664,1849,1329,1872,1879,2232,1980,1804,929,729,876,963,42.3,87.7,98232,273,578,103,59,423,164,243,228,200,461,356,1075,722,821,1031,1490,2384,647,203,4281,1779,753,3070,1705,3402,1690,175,116,13221,6668,4233,1942,2026,265,378,18,0,119,6557,3072,1670,4237,23696,850,18100,1861,11429,,,,146.0,,,,,,
11430,ZCTA5 11430,448,0,18,69,0,27,171,0,28,57,51,0,9,9,9,0,0,0,0,28.7,100.0,-,0,0,0,0,0,0,0,0,0,0,0,0,0,0,0,0,296,0,0,151,18,28,33,19,18,0,0,0,73,0,73,0,73,0,0,0,0,0,0,0,0,264,184,43,113,9,11430,,,,,,,,,,
11432,ZCTA5 11432,63730,4050,3840,3517,3511,4778,4651,3988,3827,4001,3605,4301,3968,4430,4458,2859,1496,1076,1374,39.6,98.6,75395,1113,770,541,809,571,931,729,630,519,1779,1762,2684,2065,1632,1920,1949,9439,1511,786,6959,2528,1468,4920,3571,10012,4213,942,566,27301,9267,12731,3682,8846,190,1822,126,20,272,14990,4495,5414,13365,50365,7527,11095,26907,11432,2243.4444444444443,,,452.0,,,,,,3.0
11433,ZCTA5 11433,37777,2615,2263,2997,2794,2459,2618,3087,2205,2474,2273,2130,2744,1946,1716,1165,961,631,699,35.1,88.2,71177,681,747,540,209,380,347,222,521,354,684,922,1473,1021,552,1241,1071,4636,1036,264,4624,2914,908,3938,1973,3336,1181,114,88,15394,7017,6630,2249,4157,224,290,0,0,146,8550,3716,2415,4939,32838,718,20631,6546,11433,130.0,,,212.0,0.0,0.0,0.0,0.0,1.0,1.0
11434,ZCTA5 11434,67611,3926,4072,4214,4087,3904,4872,4286,4370,4505,3815,5225,4888,4746,3557,2595,1710,1228,1611,40.1,81.6,76668,1698,672,475,290,796,1131,891,836,555,1459,2248,2693,2513,1648,2347,2485,7833,773,598,12021,3083,2581,8866,4095,6854,2947,378,334,30246,14859,12190,5578,6219,327,373,175,32,342,15830,8304,6907,8096,59515,1265,51683,2388,11434,,,,248.0,,,,,,1.0
11435,ZCTA5 11435,58424,4411,2998,3225,3284,3431,5205,5074,4062,3310,3910,3824,3938,3533,2907,1803,1579,1040,890,36.6,102.1,79430,914,1003,423,457,761,901,508,726,335,1439,1913,2791,2412,1449,1775,2121,8268,1849,712,4958,4426,1692,5110,3172,8069,3280,1171,786,27279,8817,13433,3700,9447,286,1699,84,0,197,13154,4789,6774,17441,40983,7534,14332,13162,11435,1862.75,,,325.0,,,,,,2.0
11436,ZCTA5 11436,21364,884,1134,1427,1479,1641,1811,1457,1019,1671,1228,1681,1632,1318,855,1041,510,256,320,38.9,90.1,86104,377,145,201,93,258,192,249,165,192,381,484,928,634,567,623,800,2612,537,232,3876,1464,469,2191,1209,2227,896,108,59,10036,5689,3416,1318,2021,64,236,0,23,42,5031,2347,1258,2654,18710,284,12509,1406,11436,,,,86.0,,,,,,
11691,ZCTA5 11691,68704,5710,5001,6026,4558,3901,4818,3652,4203,3225,3765,4080,4046,4686,3828,2241,2235,1317,1412,36.0,91.0,57027,2397,1965,1001,722,997,894,578,674,775,1458,1816,2064,2087,1162,1883,1909,13847,2329,693,9693,2403,2775,5148,3812,5468,3828,604,229,25438,12202,8064,3979,3819,253,2230,318,0,176,14408,6342,7974,17632,51072,16251,27745,2748,11691,1113.5,,,118.0,,,,,,4.0
11692,ZCTA5 11692,23247,1591,1875,2316,1440,1240,1290,1156,1755,1701,1349,1264,1341,1824,1045,786,430,594,250,36.8,90.5,49507,936,546,337,442,530,363,268,156,461,388,416,628,629,428,550,903,6112,349,237,4048,575,940,1776,1411,2411,1167,212,134,8657,3971,3505,1428,2000,56,413,18,0,80,5210,2759,2771,5602,17645,2914,12277,1301,11692,,,,27.0,,,,,,2.0
11693,ZCTA5 11693,13066,733,751,816,840,583,827,563,787,640,715,730,1232,1138,739,887,431,304,350,44.9,72.5,67829,461,220,189,228,253,266,164,272,141,303,300,629,515,376,536,552,2347,310,89,2168,419,510,819,596,2048,936,129,227,4800,2511,1426,630,771,0,117,57,0,65,3487,1602,1918,2863,10203,5776,3155,603,11693,,,,49.0,,,,,,2.0
11694,ZCTA5 11694,21430,1314,1595,1416,1058,596,828,1117,1772,1348,1204,1619,1578,1542,1295,1218,938,458,534,44.1,92.8,103792,355,304,216,167,198,202,224,297,134,434,534,774,1049,440,1246,1472,2433,277,103,3230,652,579,1994,805,3479,2481,464,261,8928,5137,2488,775,1348,0,539,66,0,45,4929,1337,3117,3559,17871,15453,1660,365,11694,,,,84.0,,,,,,3.0
11697,ZCTA5 11697,4123,188,248,166,197,246,343,121,215,118,227,197,610,282,209,314,192,159,91,49.8,88.3,134844,78,27,9,45,28,37,50,16,23,26,160,137,152,126,239,515,206,0,33,348,11,156,459,333,827,628,99,45,1767,1324,282,40,235,0,18,11,0,0,1055,167,613,40,4083,4011,0,27,11697,,,,16.0,,,,,,
